site_id;super_site
1153;889
127;89
1171;903
1172;904
1173;905
1174;906
1175;907
1176;908
1178;909
5349;909
1163;898
1164;899
1165;899
18;9
128;90
1166;900
1167;901
1170;902
1186;916
1187;917
1188;918
1190;919
1191;919
1192;919
130;92
1193;920
129;91
1179;910
1180;911
1181;912
1182;913
1183;914
1184;915
1185;915
1204;929
131;93
1205;930
1206;931
1207;932
1208;933
1209;934
1210;935
1196;921
1197;922
1198;923
1199;924
1200;925
1201;926
1202;927
1203;928
1218;941
1219;942
1220;943
1221;943
1222;944
1223;945
1224;945
1225;946
1211;936
1212;937
1213;938
1215;939
3749;939
132;94
1216;940
1217;940
1232;952
3776;952
1233;953
1234;954
1235;955
1236;956
1237;957
1238;958
1226;947
1227;948
1228;949
133;95
1229;950
1230;950
1231;951
3771;951
1014;787
1015;788
1016;789
110;79
1017;790
1018;790
1019;791
1020;791
1006;783
1007;783
1008;784
1009;785
1010;785
1011;785
1012;786
1013;787
1028;796
1029;797
1030;798
1031;799
16;8
112;80
1032;800
1033;800
1021;792
1022;792
3748;792
1023;793
1024;794
1025;794
1026;795
1027;796
1043;807
1044;808
1045;809
113;81
3723;81
5516;81
1046;810
1047;811
1034;800
1035;801
1037;802
1038;803
1039;804
1040;805
1041;805
1042;806
1056;819
1057;819
1058;819
3484;819
114;82
115;82
116;82
117;82
1048;811
1049;812
1050;813
1051;814
1052;815
1053;816
1054;817
1055;818
1067;828
1068;829
119;83
1069;830
1070;830
1071;830
1072;831
1073;831
1059;820
1060;821
1061;822
1062;823
1063;824
1064;825
1065;826
1066;827
1082;838
2087;838
1085;839
1824;839
120;84
1086;840
1087;841
1088;841
1074;832
1075;833
1076;834
1077;835
1078;836
1079;836
1080;836
1081;837
1097;847
1098;848
1099;849
3943;849
121;85
1100;850
5036;850
1101;851
1089;842
1090;843
1091;843
1092;844
1094;845
1095;845
1096;846
5198;846
5476;858
1111;859
4825;859
122;86
123;86
1112;860
1113;861
1114;861
1102;851
1103;852
1104;853
1105;854
1106;855
1107;856
1109;857
1110;858
900;701
901;702
902;703
903;704
904;705
905;706
906;707
907;708
895;697
896;698
897;699
898;699
14;7
15;7
96;70
899;700
914;714
915;715
916;716
917;717
919;718
920;719
98;72
99;72
908;709
4552;709
97;71
909;710
910;710
911;711
912;712
913;713
929;727
930;728
931;728
932;729
101;73
102;73
933;730
934;731
921;720
922;721
923;722
924;722
925;723
926;724
927;725
928;726
4842;735
943;736
944;737
945;738
946;738
947;739
949;739
103;74
935;732
936;732
937;733
938;733
939;733
940;734
941;735
942;735
956;745
957;746
958;747
959;748
960;749
104;75
961;750
964;750
948;740
950;741
951;742
952;742
953;742
3516;742
954;743
955;744
3886;755
970;756
971;757
972;758
973;759
105;76
106;76
974;760
965;750
962;751
963;752
966;753
6110;753
967;754
968;754
969;755
984;767
986;768
987;769
107;77
988;770
989;771
990;772
991;773
975;761
976;762
977;763
978;764
979;765
981;766
982;766
983;766
109;78
1000;780
1001;781
1002;782
1003;782
1004;782
4490;782
1005;783
993;774
994;775
995;776
996;777
997;778
998;778
999;779
108;78
789;605
790;606
791;607
792;608
794;609
86;61
795;610
796;610
781;602
782;602
783;602
784;602
785;602
786;602
787;603
788;604
805;618
806;619
87;62
807;620
808;621
809;622
810;622
811;622
797;610
798;611
799;612
800;613
801;614
802;615
803;616
804;617
88;63
89;63
820;630
821;631
822;632
823;633
824;634
825;635
812;623
813;624
814;625
815;626
817;626
816;627
818;628
819;629
834;639
90;64
835;640
3709;640
836;641
837;642
838;643
839;644
826;636
827;636
828;637
829;637
830;637
831;638
832;639
833;639
845;650
4467;650
846;651
847;652
848;653
849;654
850;655
4466;655
840;645
4852;645
4853;645
841;646
842;647
843;648
844;649
91;65
856;661
857;662
858;663
859;664
860;665
861;666
862;667
863;668
851;656
852;657
853;658
3661;658
3680;658
854;659
92;66
855;660
870;675
871;676
872;677
873;678
874;679
94;68
875;680
876;681
864;669
93;67
865;670
866;671
867;672
868;673
869;674
3639;674
95;69
887;690
888;691
889;692
890;693
891;694
892;695
893;696
878;682
879;683
881;684
882;685
883;686
884;687
885;688
886;689
680;517
681;518
682;519
3496;519
74;52
75;52
683;520
684;520
73;51
673;510
674;511
675;512
676;513
677;514
678;515
679;516
3835;525
693;526
694;526
4865;526
695;527
697;528
698;529
76;53
685;520
686;521
687;522
688;523
690;524
691;524
692;525
3834;525
705;536
706;537
707;538
708;539
77;54
78;54
709;540
710;541
699;530
700;531
4987;531
701;532
702;533
703;534
3522;534
704;535
718;548
719;548
720;549
79;55
721;550
722;551
723;552
724;552
3649;541
711;542
712;542
713;543
714;544
715;545
716;546
717;547
3021;559
80;56
734;560
736;561
737;562
738;563
739;564
741;565
725;553
726;554
727;555
728;555
730;556
731;557
732;558
733;559
748;571
749;572
750;573
751;574
752;575
753;576
754;577
755;578
742;566
743;567
744;568
745;569
3854;569
81;57
746;570
747;571
763;585
764;586
765;587
766;588
767;589
83;59
84;59
768;590
756;579
82;58
757;580
758;581
759;582
760;582
761;583
762;584
777;598
778;599
10;6
11;6
12;6
85;60
779;600
780;601
770;591
771;592
772;593
773;594
4226;594
774;595
775;596
776;597
12702;4894
12703;4895
12704;4896
12705;4896
12706;4896
12707;4896
12708;4896
12709;4897
12694;4888
12695;4889
648;489
3853;489
12696;4890
12697;4891
12698;4892
12699;4893
12717;4903
12719;4904
12720;4905
12721;4906
12722;4907
12723;4908
12724;4909
651;491
12710;4898
12711;4898
12712;4899
68;49
650;490
12714;4900
12715;4901
12716;4902
12736;4918
12737;4919
652;492
6142;492
12738;4920
12739;4921
12740;4922
12741;4923
12725;4910
12726;4911
12728;4912
12729;4913
12730;4914
12731;4915
12733;4916
12734;4917
12749;4931
12750;4932
12751;4933
12753;4934
12754;4935
12755;4936
12756;4937
12757;4938
12742;4924
12743;4925
12744;4926
12745;4927
12746;4928
12747;4929
653;493
12748;4930
12763;4944
12765;4945
12767;4946
12769;4947
12771;4948
12772;4949
655;495
12773;4950
12758;4939
654;494
3694;494
3695;494
12759;4940
12760;4941
12761;4942
12762;4943
12782;4957
12784;4958
12785;4959
656;496
12792;4960
12793;4961
12794;4961
12795;4962
12774;4951
12775;4952
12776;4953
12777;4954
12778;4955
12779;4956
12780;4956
12781;4957
12812;4970
12814;4971
12815;4971
12816;4971
12817;4972
658;498
659;499
8;5
12800;4963
12802;4964
12803;4965
12804;4966
12805;4967
12806;4968
12808;4969
657;497
666;505
668;506
669;506
670;507
671;508
672;509
71;51
72;51
9;5
70;50
660;500
661;501
662;502
663;503
664;504
665;505
12539;4812
12540;4813
12541;4814
12543;4815
12544;4816
12545;4817
12546;4818
12548;4819
12532;4807
12533;4808
12534;4809
633;481
634;481
5175;481
12535;4810
12537;4811
12557;4827
12558;4827
12559;4827
12560;4827
12561;4827
12562;4827
12563;4827
12564;4827
636;482
12549;4820
12550;4821
12551;4822
12552;4823
12553;4824
12554;4825
12555;4826
12573;4828
12578;4829
637;483
12579;4830
12580;4831
12581;4832
12585;4833
12590;4834
12565;4827
12566;4827
12567;4827
12568;4827
12569;4827
12570;4827
12571;4827
12572;4828
638;484
639;484
4200;484
4201;484
12613;4840
12768;4840
12615;4841
12617;4842
12604;4835
12605;4836
12606;4837
12607;4837
12608;4837
12609;4837
12610;4838
12612;4839
12625;4848
12626;4849
640;485
12627;4850
12628;4851
12629;4852
12631;4853
12632;4854
12618;4843
12619;4843
12620;4844
12621;4845
12622;4845
12623;4846
12624;4847
12770;4847
12640;4859
12641;4859
641;486
12644;4860
12645;4860
12646;4861
12647;4861
12648;4862
12633;4855
12634;4855
12635;4856
12636;4857
12637;4858
12638;4858
12642;4858
12639;4859
642;487
12658;4870
12659;4871
12660;4872
12661;4873
12662;4874
12663;4875
12664;4876
12650;4863
12651;4863
12652;4864
12653;4865
12654;4866
12655;4867
12656;4868
12657;4869
12672;4880
12674;4881
12675;4882
12677;4883
12678;4884
12679;4885
12681;4886
12693;4887
12665;4877
12666;4878
12668;4879
644;488
645;488
646;488
647;488
12671;4880
12387;4720
12388;4720
12389;4721
12391;4722
12392;4723
12393;4724
12394;4725
12396;4726
12383;4717
12384;4718
12386;4719
613;472
614;472
615;472
616;472
617;472
619;473
12410;4730
12411;4730
12412;4731
12414;4732
12415;4733
12416;4734
12417;4735
12397;4727
12398;4727
12399;4727
12400;4727
12406;4728
12407;4728
12408;4729
12409;4729
12431;4742
12432;4743
12434;4744
12435;4745
12440;4746
12441;4747
12442;4748
12444;4749
12418;4736
12421;4737
12423;4738
12426;4739
620;474
12427;4740
12428;4741
12430;4742
12452;4756
12455;4757
12456;4758
12458;4759
622;476
12459;4760
12460;4761
12461;4761
621;475
12445;4750
12446;4750
12447;4751
12448;4752
12449;4753
12450;4754
12451;4755
12475;4768
12476;4769
623;477
624;477
12477;4770
12478;4771
12479;4771
12480;4772
12462;4761
12463;4762
12464;4763
12469;4764
12470;4765
12471;4766
12472;4767
12474;4768
12495;4779
625;478
3790;478
12497;4780
12498;4781
12501;4782
12502;4783
12503;4784
12481;4773
12482;4773
12486;4774
12487;4774
12489;4775
12490;4776
12493;4777
12494;4778
631;479
632;479
12510;4790
12511;4791
12512;4792
12513;4793
12514;4794
12515;4794
12504;4785
12505;4786
12506;4787
12507;4788
12509;4789
627;479
628;479
629;479
12523;4800
12524;4800
12525;4801
12526;4802
12528;4803
12529;4804
12530;4805
12531;4806
12516;4795
12517;4796
12518;4796
12519;4797
12520;4798
12521;4799
66;48
630;480
12242;4627
12713;4627
12248;4628
12249;4628
12250;4628
12251;4628
12252;4628
12253;4628
12234;4626
12235;4626
12236;4626
12237;4626
12238;4626
12239;4626
12240;4626
12241;4626
12261;4631
12262;4632
12265;4633
12268;4634
12270;4635
12272;4636
12274;4637
12282;4638
12254;4628
12255;4628
12256;4628
12257;4628
12258;4628
12259;4629
603;463
12260;4630
12289;4645
12290;4646
12291;4647
12292;4648
12293;4649
12294;4649
606;465
12296;4650
12783;4638
12283;4639
604;464
12284;4640
12285;4641
12286;4642
12287;4643
12288;4644
12306;4658
12307;4659
607;466
12308;4660
12309;4661
12310;4662
12311;4663
12312;4664
12298;4651
12299;4651
12300;4652
12301;4653
12302;4654
12303;4655
12304;4656
12305;4657
12325;4671
12326;4671
12327;4671
12328;4672
12329;4673
12330;4674
12331;4675
12332;4676
12313;4665
12314;4666
12315;4667
12320;4668
12321;4669
608;467
12322;4670
12324;4671
12732;4683
12341;4684
12342;4685
12343;4686
12344;4687
12345;4688
12346;4689
610;469
12333;4677
12334;4678
12335;4679
609;468
12337;4680
12338;4681
12339;4682
12340;4683
12356;4697
12359;4698
12360;4699
65;47
611;470
12361;4700
12362;4701
12363;4702
12348;4690
12349;4691
12350;4692
12351;4693
12352;4694
12353;4695
12354;4696
12355;4696
612;471
12375;4710
12376;4711
12377;4712
12379;4713
12380;4714
12381;4715
12382;4716
12364;4703
12368;4704
12369;4705
12370;4706
12371;4706
12372;4707
12373;4708
12374;4709
12127;4581
12128;4581
12676;4581
12129;4582
12130;4583
12131;4584
12132;4585
12133;4586
12124;4578
12114;4579
12115;4579
12670;4579
598;458
12125;4580
12673;4580
12126;4581
12141;4590
12142;4590
12143;4590
12144;4590
12145;4590
12680;4590
12146;4591
12147;4592
12134;4587
12135;4587
12136;4588
12137;4589
12138;4589
599;459
12139;4590
12140;4590
12156;4593
12157;4593
12158;4593
12682;4593
12159;4594
12160;4595
12161;4595
12162;4595
12148;4592
12149;4592
12150;4592
12151;4593
12152;4593
12153;4593
12154;4593
12155;4593
12169;4598
12170;4598
12171;4598
12172;4598
12798;4598
12173;4599
12174;4599
12175;4599
12796;4595
12163;4596
12164;4596
12797;4596
12165;4597
12166;4597
12167;4597
12168;4597
12184;4602
12185;4603
12186;4603
12187;4604
12801;4604
12188;4605
12189;4606
12692;4606
64;46
600;460
12176;4600
12799;4600
12177;4601
12178;4601
12179;4601
12180;4601
12197;4612
12198;4612
12199;4612
12200;4613
12201;4613
12202;4613
12203;4614
12204;4615
12190;4607
12191;4607
12192;4608
12193;4609
12194;4609
601;461
12195;4610
12196;4611
12212;4617
12701;4617
12213;4618
12214;4619
602;462
12215;4620
12216;4621
12217;4621
12205;4616
12206;4616
12700;4616
12207;4617
12208;4617
12209;4617
12210;4617
12211;4617
12226;4625
12227;4625
12228;4626
12229;4626
12230;4626
12231;4626
12232;4626
12233;4626
12218;4622
12219;4623
12220;4623
12221;4623
12222;4623
12223;4623
12224;4623
12225;4624
11992;4536
11993;4537
11994;4537
11997;4537
11999;4537
12002;4537
12003;4538
12004;4538
11989;4535
11990;4535
11995;4535
11996;4535
11998;4535
12000;4535
12001;4535
11991;4536
12009;4540
12008;4541
12011;4542
12014;4543
12016;4543
12018;4543
12019;4543
12020;4543
12010;4538
12012;4538
12005;4539
12007;4539
12013;4539
592;454
593;454
12006;4540
12023;4547
12026;4547
12030;4547
12034;4547
12024;4548
12028;4548
12032;4548
12033;4548
12021;4543
12015;4544
12031;4544
12017;4545
12029;4545
12022;4546
12025;4546
12027;4546
12041;4551
12039;4552
12040;4552
12046;4552
12047;4552
12042;4553
12043;4554
12044;4554
12035;4549
12038;4549
12045;4549
12056;4549
594;455
595;455
12036;4550
12037;4551
12054;4557
12068;4558
12070;4558
12072;4558
12069;4559
596;456
12071;4560
12077;4560
12048;4555
12050;4555
12051;4555
12049;4556
12055;4556
12057;4556
12052;4557
12053;4557
12083;4564
12085;4565
12086;4566
12087;4566
12536;4566
12088;4567
12089;4568
12090;4568
12073;4561
12075;4561
12078;4561
12081;4561
12084;4561
12076;4562
12080;4563
12082;4564
12097;4573
12099;4573
12105;4573
12106;4573
12098;4574
12100;4575
12101;4575
12102;4575
12092;4569
597;457
12093;4570
12094;4570
12095;4571
12096;4572
12108;4572
12109;4572
12118;4577
12119;4577
12121;4577
12122;4577
12113;4578
12117;4578
12120;4578
12123;4578
12103;4575
12104;4575
12107;4575
12669;4575
12110;4576
12111;4576
12112;4577
12116;4577
11880;4485
12791;4485
11881;4486
11882;4486
11883;4487
11884;4488
11885;4488
11886;4488
11876;4483
11877;4483
11878;4484
11879;4484
12787;4484
12788;4484
12789;4484
12790;4484
11894;4491
11895;4492
11896;4492
12611;4492
11900;4493
11901;4493
11902;4494
11903;4494
11887;4489
11888;4489
11889;4489
11890;4489
586;449
11891;4490
11892;4490
11893;4491
11910;4498
11911;4498
11912;4499
62;45
587;450
11913;4500
11914;4501
11915;4502
12614;4494
11904;4495
11905;4496
11906;4496
11907;4497
11908;4497
12616;4497
11909;4498
11924;4507
11925;4507
11926;4507
11927;4508
11928;4508
11929;4509
588;451
590;451
11916;4503
11917;4504
11918;4504
11919;4505
11920;4505
11921;4505
11922;4506
11923;4507
11937;4514
11938;4515
11939;4515
11940;4515
11941;4516
11942;4517
11943;4518
11944;4519
11930;4510
11931;4511
12630;4511
11932;4512
11933;4512
11934;4512
11935;4512
11936;4513
11960;4523
11951;4524
11952;4524
11953;4524
11954;4524
11955;4524
11956;4524
11957;4524
11945;4519
589;452
11946;4520
12643;4520
11947;4521
11948;4521
11949;4522
11950;4523
11970;4526
11963;4527
11974;4527
11980;4527
11981;4527
11985;4527
11965;4528
11977;4528
11958;4524
11959;4524
11961;4525
11969;4525
11971;4525
12649;4525
11962;4526
11964;4526
11987;4531
11975;4532
11976;4532
11984;4532
11982;4533
11983;4533
11988;4533
11986;4534
11979;4528
11966;4529
11972;4529
591;453
11967;4530
11978;4530
11968;4531
11973;4531
11771;4461
11772;4461
12576;4461
11773;4462
11774;4462
11775;4462
11776;4462
11777;4462
11763;4461
11764;4461
11765;4461
11766;4461
11767;4461
11768;4461
11769;4461
11770;4461
12577;4462
11786;4463
11787;4463
11788;4463
11789;4463
11790;4464
11791;4464
11792;4464
11778;4462
11779;4462
11780;4462
11781;4462
11782;4462
11783;4462
11784;4462
11785;4462
11801;4465
11802;4465
11803;4466
11804;4466
11805;4466
11806;4467
11807;4467
11808;4467
11793;4464
11794;4464
11795;4464
11796;4464
11797;4464
11798;4464
11799;4465
11800;4465
11813;4471
11814;4471
11815;4471
11816;4471
11817;4471
11818;4471
11819;4471
11820;4471
11809;4467
11810;4468
11811;4469
584;447
11812;4470
12582;4470
12583;4470
12584;4470
11829;4471
11830;4471
11831;4471
11832;4471
11833;4471
11834;4471
12586;4471
12587;4471
11821;4471
11822;4471
11823;4471
11824;4471
11825;4471
11826;4471
11827;4471
11828;4471
12588;4473
11844;4474
11845;4474
12589;4474
11846;4475
11847;4476
11848;4476
11849;4476
11835;4472
11837;4473
11838;4473
11839;4473
11840;4473
11841;4473
11842;4473
11843;4473
11856;4479
11857;4479
11858;4479
11859;4479
11860;4479
585;448
11861;4480
11862;4480
11850;4476
11851;4476
11852;4477
12591;4477
11853;4478
11854;4478
12592;4478
11855;4479
11870;4482
11871;4482
11872;4482
11873;4482
11874;4482
11875;4482
12594;4482
12786;4482
11863;4480
11864;4480
11865;4481
11866;4481
11867;4481
11868;4481
12593;4481
11869;4482
11651;4435
11652;4435
11653;4435
11654;4435
11655;4435
11656;4435
11657;4435
11658;4435
11643;4435
11644;4435
11645;4435
11646;4435
11647;4435
11648;4435
11649;4435
11650;4435
11667;4436
11668;4436
11669;4437
11670;4438
11671;4439
581;444
11672;4440
11673;4440
11659;4435
11660;4435
11661;4435
11662;4435
11663;4435
11664;4435
11665;4436
11666;4436
11681;4441
11682;4441
11683;4441
11684;4441
11685;4441
11686;4441
11687;4441
11688;4441
11674;4440
11675;4440
11676;4440
11677;4440
11678;4440
11679;4440
12542;4440
11680;4441
11697;4442
11698;4442
11699;4442
12547;4442
11700;4443
11701;4443
11702;4444
11703;4445
11689;4441
11690;4441
11691;4441
11692;4441
11693;4441
11694;4442
11695;4442
11696;4442
11711;4450
11712;4450
11713;4450
11714;4450
11715;4450
11716;4450
11717;4450
11718;4451
11704;4446
11705;4447
11706;4448
11707;4448
11708;4448
11709;4449
582;445
11710;4450
11727;4455
11728;4455
11729;4456
11730;4456
11731;4456
12556;4456
11732;4457
11733;4457
11719;4451
11720;4451
11721;4451
11722;4451
11723;4452
11724;4452
11725;4453
11726;4454
11742;4457
11743;4457
11744;4457
11745;4457
11746;4457
11747;4457
12574;4457
11748;4458
11734;4457
11735;4457
11736;4457
11737;4457
11738;4457
11739;4457
11740;4457
11741;4457
11756;4460
11757;4460
11758;4460
11759;4460
11760;4460
11761;4460
12575;4460
11762;4461
11749;4458
11750;4458
11751;4458
11752;4459
11753;4459
583;446
11754;4460
11755;4460
11513;4385
11514;4386
11515;4387
11516;4388
11517;4389
573;439
574;439
11518;4390
11503;4383
11504;4383
11505;4383
11506;4383
11509;4384
11510;4384
11511;4385
11512;4385
11526;4394
11527;4394
11528;4394
11529;4395
11530;4395
11531;4395
11532;4395
11533;4395
11519;4391
11520;4391
11521;4391
11522;4391
11523;4391
11524;4392
11525;4393
12280;4393
11562;4399
61;44
576;440
577;440
11563;4400
11564;4400
11565;4401
12066;4401
11534;4395
11535;4396
11536;4396
11537;4396
11538;4397
11539;4398
11540;4398
11541;4398
11571;4406
11572;4407
11573;4408
11574;4409
11575;4409
11576;4409
11577;4409
578;441
12067;4401
12074;4401
12079;4401
11566;4402
11567;4403
11568;4404
11569;4405
11570;4405
11590;4414
11591;4414
11592;4414
12527;4414
11593;4415
11594;4415
11595;4415
11596;4415
11578;4410
11579;4410
11580;4411
11581;4412
11582;4413
11587;4414
11588;4414
11589;4414
11605;4417
11606;4417
11607;4418
11608;4419
12243;4419
12244;4419
12245;4419
12246;4419
11597;4415
11598;4415
11599;4415
11600;4415
11601;4415
11602;4416
11603;4417
11604;4417
11615;4424
11616;4425
11617;4425
11624;4426
11625;4427
11626;4428
11627;4428
11628;4428
12247;4419
579;442
11609;4420
11610;4420
11611;4421
11612;4422
11613;4423
11614;4424
11636;4432
11637;4432
11638;4432
12538;4432
11639;4433
11640;4433
11641;4434
11642;4435
11629;4428
11630;4428
11631;4428
11632;4429
11633;4429
580;443
11634;4430
11635;4431
12484;4345
12485;4345
11393;4346
11394;4346
11395;4346
11396;4346
11397;4346
11398;4346
11386;4343
11387;4343
11388;4343
11389;4343
11390;4343
11391;4344
11392;4345
12278;4345
12491;4348
11406;4349
567;435
11407;4350
11408;4351
11409;4351
11410;4351
12492;4351
12488;4346
11399;4347
11400;4347
11401;4347
11402;4348
11403;4348
11404;4348
11405;4348
11419;4354
11420;4354
11421;4355
11422;4356
11423;4357
11424;4358
11425;4359
11426;4359
11411;4352
11412;4353
11413;4353
11414;4353
11415;4354
11416;4354
11417;4354
11418;4354
12279;4362
12496;4362
11433;4363
11434;4363
11435;4363
11436;4364
11437;4364
11438;4364
11427;4359
11428;4359
568;436
569;436
11429;4360
11430;4361
11431;4362
11432;4362
11447;4364
11448;4364
11449;4364
11450;4364
11451;4364
12499;4364
12500;4364
11452;4365
11439;4364
11440;4364
11441;4364
11442;4364
11443;4364
11444;4364
11445;4364
11446;4364
11461;4368
11462;4368
11463;4368
11464;4368
11466;4368
11467;4368
11465;4369
570;437
11453;4365
11454;4365
11455;4365
11456;4365
11457;4366
11458;4367
11459;4368
11460;4368
11474;4373
11475;4373
11476;4373
11477;4373
11478;4373
11479;4373
11480;4373
11481;4373
571;437
11468;4370
11471;4370
11472;4370
11469;4371
11470;4371
11473;4372
11484;4372
11491;4377
11493;4378
11494;4379
572;438
11495;4380
11500;4381
11501;4381
11502;4382
11482;4374
11483;4374
11485;4375
11486;4375
11487;4376
11488;4377
11489;4377
11490;4377
11272;4312
11273;4312
11274;4312
11275;4313
12453;4313
11276;4314
11277;4314
11278;4314
11264;4312
11265;4312
11266;4312
11267;4312
11268;4312
11269;4312
11270;4312
11271;4312
12277;4315
11287;4316
12454;4316
11288;4317
11289;4318
11290;4318
11291;4318
11292;4319
11279;4314
11280;4314
11281;4314
11282;4314
11283;4314
11284;4314
11285;4315
11286;4315
11300;4322
11301;4322
11302;4322
11303;4322
11304;4322
11305;4322
11306;4322
11307;4322
11293;4319
11294;4319
564;432
11295;4320
11296;4320
11297;4320
11298;4321
11299;4322
11316;4322
11317;4322
11318;4322
12457;4322
11324;4323
11325;4324
11326;4325
11328;4325
11308;4322
11309;4322
11310;4322
11311;4322
11312;4322
11313;4322
11314;4322
11315;4322
11337;4325
11327;4326
11338;4327
11339;4327
11340;4327
11341;4327
11342;4327
11343;4328
11329;4325
11330;4325
11331;4325
11332;4325
11333;4325
11334;4325
11335;4325
11336;4325
11347;4331
11348;4331
11351;4332
11352;4332
11353;4332
11354;4332
11355;4333
11356;4333
12465;4328
12466;4328
12467;4328
11344;4329
11345;4329
565;433
11346;4330
12468;4330
11365;4334
11366;4334
11367;4335
11368;4336
11369;4337
11370;4337
11371;4338
11372;4338
11357;4333
11358;4333
11359;4333
11360;4333
11361;4333
11362;4334
11363;4334
11364;4334
11379;4340
11380;4341
11381;4341
11382;4341
12473;4341
11383;4342
11384;4342
11385;4343
11373;4338
11374;4339
11375;4339
11376;4339
11377;4339
566;434
6128;434
11378;4340
11155;4273
11156;4274
12436;4274
11159;4275
11160;4275
12276;4275
11161;4276
11162;4276
11148;4271
11149;4271
11150;4271
11151;4271
11152;4271
12433;4271
11153;4272
11154;4273
11170;4280
11171;4280
12437;4280
11172;4281
11173;4282
11174;4282
11175;4282
11176;4282
11163;4276
11164;4277
11165;4278
11166;4278
11167;4278
11168;4279
558;428
11169;4280
11184;4285
12439;4285
11185;4286
11186;4287
11187;4288
11188;4288
11189;4288
11190;4288
12438;4282
11177;4283
11178;4284
11179;4284
11180;4284
11181;4284
11182;4284
11183;4285
11198;4291
11199;4291
11200;4291
11201;4291
11202;4291
11203;4291
11204;4291
11205;4291
11191;4289
11192;4289
559;429
11193;4290
11194;4290
11195;4290
11196;4290
11197;4290
11214;4293
11215;4293
11216;4294
11217;4295
11218;4295
11219;4295
12443;4295
11220;4296
11206;4291
11207;4291
11208;4291
11209;4292
11210;4293
11211;4293
11212;4293
11213;4293
11227;4301
11228;4301
11229;4301
11230;4301
11231;4301
11232;4301
11233;4301
11234;4301
11221;4297
11222;4297
11223;4298
11224;4299
60;43
560;430
11225;4300
11226;4301
11243;4302
11244;4303
11245;4304
11246;4305
11247;4306
11248;4306
11249;4306
11250;4306
11235;4301
11236;4301
11237;4301
11238;4301
11239;4302
11240;4302
11241;4302
11242;4302
563;431
11257;4310
11258;4310
11259;4310
11260;4311
11261;4312
11262;4312
11263;4312
11251;4306
11253;4306
11254;4306
11252;4307
11255;4308
11256;4309
561;431
562;431
11037;4228
11038;4228
11039;4228
11040;4229
11041;4229
11042;4229
11043;4229
11044;4229
11028;4225
11034;4225
11029;4226
11030;4226
11031;4226
11032;4226
11033;4226
11036;4227
11050;4232
11051;4232
11052;4233
11053;4233
12420;4233
11054;4234
11055;4234
11056;4234
12419;4229
546;423
547;423
11045;4230
11046;4231
11047;4231
11048;4231
11049;4231
11065;4238
11066;4239
11067;4239
12422;4239
548;424
549;424
550;424
551;424
11057;4235
11058;4236
11059;4236
11060;4236
11061;4237
11062;4237
11063;4238
11064;4238
11084;4245
11085;4245
11086;4245
11087;4246
11088;4247
11089;4247
11090;4248
11091;4249
11072;4240
11073;4241
11074;4242
11078;4243
11079;4243
11080;4243
11082;4244
11083;4245
11100;4249
11101;4249
11102;4249
12424;4249
12425;4249
552;425
11103;4250
11104;4250
11092;4249
11093;4249
11094;4249
11095;4249
11096;4249
11097;4249
11098;4249
11099;4249
11113;4257
11116;4257
11115;4258
11117;4259
11118;4259
11119;4259
11120;4259
11121;4259
11105;4251
11106;4252
11108;4252
11107;4253
11109;4254
11110;4255
11111;4256
11112;4257
11128;4262
11131;4262
11129;4263
11130;4263
11132;4264
11133;4265
12429;4265
11134;4266
11122;4259
11123;4259
553;426
554;426
11124;4260
11125;4260
11126;4261
11127;4261
555;427
556;427
557;427
11143;4270
11144;4270
11145;4270
11146;4270
11147;4270
11135;4266
11136;4266
11137;4266
11138;4267
11139;4267
11140;4267
11141;4268
11142;4269
10920;4163
10921;4164
10922;4165
10923;4166
10924;4167
10925;4168
10926;4169
10927;4169
10912;4161
10913;4161
10914;4161
10915;4161
10916;4161
10917;4161
10918;4162
10919;4163
10935;4172
10936;4173
10937;4173
10938;4173
10939;4173
10941;4173
10940;4174
10942;4175
10928;4169
10929;4169
539;417
10930;4170
10931;4171
10932;4172
10933;4172
10934;4172
10952;4181
12395;4181
10953;4182
10954;4182
10955;4182
10956;4182
10957;4182
12401;4182
10943;4175
10944;4175
10945;4176
10946;4177
10947;4178
10948;4179
540;418
10949;4180
10964;4188
10965;4189
541;419
10966;4190
10967;4191
10968;4191
10969;4191
10970;4192
12402;4182
10958;4183
10959;4184
10960;4185
10961;4185
12403;4185
10962;4186
10963;4187
10978;4194
10979;4195
10980;4196
10981;4196
10982;4196
10983;4197
10984;4197
12404;4197
10971;4192
10972;4192
10973;4192
12273;4192
10974;4193
10975;4194
10976;4194
10977;4194
10991;4200
10992;4200
10993;4200
10995;4201
10996;4202
10997;4203
10998;4204
10999;4204
10985;4198
10986;4199
58;42
542;420
10987;4200
10988;4200
10989;4200
10990;4200
11007;4209
11008;4209
11009;4209
543;421
11010;4210
11011;4211
11012;4212
11013;4213
11000;4204
12413;4204
11001;4205
11002;4206
11003;4206
11004;4207
11005;4208
11006;4209
545;422
11021;4220
11022;4221
11023;4222
11024;4222
11025;4223
11026;4223
11027;4224
11014;4214
11015;4215
11016;4216
11017;4217
11018;4217
11019;4218
11020;4219
544;422
10802;4108
10803;4108
10804;4108
10805;4108
10806;4108
10807;4108
10808;4109
10809;4109
10795;4106
10796;4106
10797;4106
10798;4106
10791;4107
10799;4108
10800;4108
10801;4108
10817;4114
10818;4114
10819;4114
12365;4114
10822;4115
10823;4115
10824;4116
10825;4116
10810;4109
531;411
10811;4110
10812;4111
10813;4112
10814;4112
10815;4113
10816;4114
10833;4118
10834;4119
10835;4119
12367;4119
532;412
10836;4120
10837;4121
10838;4121
10826;4117
10827;4117
10828;4117
12366;4117
10829;4118
10830;4118
10831;4118
10832;4118
10847;4125
10848;4126
10849;4127
10850;4127
10851;4128
10852;4128
10853;4129
534;413
10839;4121
10840;4122
10841;4123
10842;4123
10843;4123
10844;4124
10845;4124
10846;4124
10861;4134
10862;4135
10863;4135
10864;4135
10865;4135
10866;4135
10867;4135
10868;4135
535;413
10854;4130
10855;4131
10856;4131
10857;4131
10858;4131
10859;4132
10860;4133
10876;4136
10877;4137
10878;4138
10879;4139
536;414
10880;4140
10881;4140
10882;4141
10869;4135
10870;4135
10871;4135
12378;4135
10872;4136
10873;4136
10874;4136
10875;4136
537;415
10891;4150
10892;4151
10893;4152
10894;4152
10895;4152
10896;4153
10897;4154
10883;4142
10884;4143
10885;4144
10886;4145
10887;4146
10888;4147
10889;4148
10890;4149
10904;4158
10905;4158
10906;4158
10907;4158
10908;4159
12390;4159
538;416
10909;4160
10898;4154
12385;4154
10899;4155
10900;4156
10901;4157
10902;4157
12271;4157
10903;4158
10683;4042
10684;4043
10685;4044
10686;4044
10687;4044
10688;4045
10689;4046
10691;4046
10675;4038
10677;4039
10678;4039
10679;4039
10680;4039
524;404
10681;4040
10682;4041
10699;4053
10700;4054
10701;4054
10702;4054
10703;4054
10704;4054
10705;4055
10706;4056
10690;4047
10692;4048
10693;4049
10694;4049
525;405
10695;4050
10697;4051
10698;4052
10714;4061
10715;4061
10716;4061
10717;4061
10718;4061
10719;4061
10720;4062
10721;4063
10707;4056
10708;4057
10709;4058
10710;4059
526;406
10711;4060
10712;4061
10713;4061
10730;4069
10731;4069
12347;4069
527;407
10732;4070
10733;4071
10734;4072
10735;4073
10722;4064
10723;4065
10724;4066
10725;4066
10726;4067
10727;4067
10728;4068
10729;4068
10743;4080
10744;4080
10745;4081
10746;4082
10747;4083
10748;4084
10749;4085
10750;4085
10736;4074
10737;4075
10738;4076
10739;4076
10740;4077
10741;4078
10742;4079
528;408
10759;4088
10760;4089
10761;4089
10762;4089
10763;4089
10764;4089
10765;4089
10766;4089
10751;4085
10752;4085
10753;4085
10754;4085
10755;4085
10756;4085
10757;4086
10758;4087
12357;4093
10774;4094
12358;4094
10775;4095
10776;4095
10777;4096
10778;4096
10779;4097
10767;4089
10768;4089
529;409
10769;4090
10770;4091
10771;4092
10772;4093
10773;4093
10786;4104
10787;4105
10788;4106
10789;4106
10790;4106
10792;4106
10793;4106
10794;4106
10780;4098
10781;4099
57;41
530;410
10782;4100
10783;4101
10784;4102
10785;4103
518;398
10565;3980
10566;3981
10567;3981
10568;3982
10569;3983
10570;3984
10571;3985
10557;3978
10558;3978
10559;3978
10560;3979
10561;3979
10562;3979
10563;3979
10564;3979
10579;3989
519;399
10580;3990
10581;3991
10582;3991
10583;3991
10584;3992
10585;3992
10572;3985
12263;3985
10573;3986
10574;3987
10575;3987
10576;3988
10577;3989
10578;3989
10592;3998
10593;3999
10594;3999
10595;3999
12266;3999
7;4
56;40
193;40
12316;3992
10586;3993
10587;3994
10588;3995
10589;3996
10590;3996
12317;3996
10591;3997
12319;4003
10602;4004
10603;4005
10604;4005
10605;4006
10606;4006
10607;4006
10608;4007
520;400
10596;4000
12318;4000
10597;4001
10598;4001
10599;4001
10600;4002
10601;4003
10617;4012
10618;4013
10621;4014
10622;4014
10623;4015
10624;4016
10625;4016
10628;4017
10609;4007
10610;4008
10611;4009
521;401
3523;401
10612;4010
10613;4011
10614;4011
10637;4019
10638;4019
10639;4019
10640;4019
522;402
10641;4020
10642;4021
10643;4022
10629;4018
10630;4019
10631;4019
10632;4019
10633;4019
10634;4019
10635;4019
10636;4019
10652;4026
10653;4026
10654;4027
10655;4028
10656;4029
523;403
10657;4030
10658;4030
10644;4023
10645;4023
10646;4023
10647;4023
10648;4023
10649;4024
10650;4025
10651;4026
10667;4036
10668;4036
10669;4036
10670;4036
10671;4036
10672;4036
10673;4036
10674;4037
10659;4031
10660;4032
10661;4033
10662;4033
10663;4034
10664;4035
10665;4035
10666;4035
10417;3902
10418;3903
10419;3903
10420;3904
10421;3904
10423;3905
10424;3906
10425;3906
10410;3898
10411;3898
10413;3899
55;39
510;390
10414;3900
10415;3901
10416;3902
10433;3910
10434;3910
10435;3910
10436;3911
10437;3912
10439;3913
10440;3913
10443;3914
10426;3906
10427;3907
10428;3907
10429;3907
10430;3908
10431;3909
511;391
10432;3910
512;392
10455;3920
10456;3921
10457;3922
10458;3923
10459;3924
10460;3925
10461;3926
10444;3915
10445;3916
10446;3917
10447;3917
10448;3917
10451;3918
10453;3919
10454;3919
10470;3928
10471;3929
513;393
10472;3930
10473;3930
10474;3930
10475;3931
10476;3932
10462;3926
10463;3926
10464;3926
10465;3926
10466;3926
10467;3927
10468;3928
10469;3928
10486;3939
514;394
10487;3940
10488;3941
10490;3942
10498;3943
10499;3943
10500;3944
10477;3933
10478;3934
10479;3935
10480;3935
10481;3935
10483;3936
10484;3937
10485;3938
10513;3950
10514;3950
10515;3950
10516;3951
10517;3951
10518;3952
10519;3953
10520;3954
10503;3945
10504;3946
10508;3947
10509;3947
10510;3948
10511;3949
515;395
10512;3950
516;396
10529;3960
10530;3961
10531;3962
10532;3963
10533;3964
10534;3965
10535;3965
10521;3955
10522;3956
10523;3957
10524;3958
10525;3958
10526;3958
10527;3958
10528;3959
10542;3972
10543;3973
10549;3974
10550;3975
10551;3976
10552;3977
10555;3978
10556;3978
10536;3966
10537;3967
10538;3968
10539;3969
517;397
3524;397
10540;3970
10541;3971
10286;3866
10288;3867
10289;3867
10290;3867
10291;3867
10292;3867
10299;3868
10300;3868
10278;3862
10279;3863
10280;3864
10281;3865
10282;3865
10283;3866
10284;3866
10285;3866
10310;3869
502;387
503;387
3727;387
10311;3870
10312;3870
10313;3870
10314;3870
10301;3868
10302;3868
10303;3868
10304;3868
10305;3868
10307;3869
10308;3869
10309;3869
10323;3872
10324;3873
10325;3874
10326;3874
10327;3875
10328;3875
10329;3875
10330;3876
10315;3870
10316;3870
10317;3871
10318;3871
10319;3871
10320;3871
10321;3872
10322;3872
10339;3877
10340;3877
10341;3877
10342;3878
10343;3878
10344;3879
10345;3879
10346;3879
10331;3876
10332;3876
10333;3876
10334;3876
10335;3877
10336;3877
10337;3877
10338;3877
10354;3880
10360;3881
10361;3881
10362;3881
10363;3881
10364;3881
10365;3881
10366;3881
10347;3879
10348;3879
10349;3879
10350;3879
504;388
10351;3880
10352;3880
10353;3880
10375;3887
10376;3888
10377;3888
10378;3889
10379;3889
10380;3889
10381;3889
505;389
10367;3882
10368;3883
10369;3883
10370;3884
10371;3885
10372;3885
10373;3885
10374;3886
10386;3892
10387;3892
10388;3892
10389;3893
10390;3893
10391;3893
10392;3893
10393;3893
506;389
507;389
508;389
509;389
10382;3890
10383;3890
10384;3890
10385;3891
10402;3898
10403;3898
10404;3898
10405;3898
10406;3898
10407;3898
10408;3898
10409;3898
10394;3893
10395;3894
10396;3895
10397;3895
10398;3896
10399;3897
10400;3897
10401;3897
10150;3818
10149;3819
494;382
3739;382
10151;3820
10152;3821
10153;3822
10156;3823
10141;3812
10142;3813
10143;3814
10144;3815
10145;3816
10146;3817
10147;3818
10148;3818
10169;3824
10170;3824
10171;3824
10172;3824
10173;3824
10174;3824
10175;3825
10176;3826
10157;3823
10158;3823
10159;3823
10160;3823
10161;3823
10162;3823
10163;3823
10168;3824
10185;3832
10186;3832
10188;3832
10187;3833
10189;3834
10190;3834
10191;3834
10192;3834
10177;3827
10180;3827
10178;3828
10179;3828
10181;3829
495;383
10182;3830
10183;3831
496;384
10201;3840
10202;3841
10203;3842
10204;3843
10205;3843
10207;3844
10208;3845
10193;3834
10194;3835
10195;3835
10199;3835
10196;3836
10197;3837
10198;3838
10200;3839
10217;3848
10218;3848
10219;3848
10220;3849
10221;3849
497;385
498;385
499;385
10209;3845
10210;3846
10211;3846
10212;3847
10213;3847
10214;3847
10215;3848
10216;3848
10236;3851
10237;3851
10238;3851
10239;3851
10240;3851
10241;3851
10242;3851
10243;3851
10228;3850
10229;3850
10230;3850
10231;3850
10232;3851
10233;3851
10234;3851
10235;3851
10247;3852
10248;3853
10249;3853
10250;3853
10251;3854
10252;3855
10253;3856
10258;3857
10244;3851
10245;3851
10246;3851
10254;3851
10255;3851
10256;3851
10257;3851
10412;3851
10267;3860
10268;3860
10270;3861
10271;3861
10272;3861
10273;3861
10274;3861
10275;3861
10259;3858
10260;3858
10263;3859
500;386
501;386
10264;3860
10265;3860
10266;3860
6211;3752
6212;3753
6213;3754
6215;3755
6217;3756
6219;3757
6221;3758
10000;3759
6201;3745
6204;3746
6205;3747
6207;3748
6208;3749
485;375
6209;3750
6210;3751
10030;3763
10032;3764
10033;3765
10034;3766
10037;3767
10038;3768
10293;3768
10294;3768
486;376
487;376
4295;376
10004;3760
10005;3760
10023;3761
10024;3761
10027;3762
10053;3773
10054;3774
10055;3774
10056;3775
10057;3776
10058;3777
10059;3778
10060;3779
10295;3768
10296;3768
10297;3768
10043;3769
488;377
10044;3770
10049;3771
10052;3772
10068;3783
10069;3783
10070;3784
10072;3785
10074;3785
10073;3786
10075;3787
10077;3787
10063;3779
489;378
10061;3780
10062;3780
10064;3781
10065;3782
10066;3783
10067;3783
10084;3791
10085;3791
10086;3791
10087;3791
10088;3792
10089;3792
10090;3792
10091;3792
10078;3787
10081;3787
10076;3788
10079;3789
10080;3789
490;379
10082;3790
10083;3791
10100;3795
10101;3795
10102;3795
10103;3795
10104;3795
10105;3796
10106;3797
10107;3797
10092;3792
10093;3792
10094;3792
10095;3793
10096;3793
10097;3793
10098;3793
10099;3794
10118;3802
10119;3802
10120;3802
10121;3803
10122;3804
10123;3805
10124;3806
10125;3806
10108;3798
10109;3798
10113;3799
54;38
491;380
3741;380
10115;3800
10117;3801
10134;3808
10135;3808
10136;3808
10137;3808
10138;3809
492;381
10139;3810
10140;3811
10126;3806
10127;3806
10128;3806
10129;3807
10130;3807
10131;3807
10132;3807
10133;3807
6058;3654
6059;3655
6063;3656
6070;3657
6072;3658
6073;3659
476;366
6074;3660
6055;3651
10910;3651
10911;3651
6056;3652
11897;3652
11898;3652
11899;3652
6057;3653
6086;3669
6087;3669
6088;3669
477;367
6089;3670
6090;3671
6091;3672
6093;3672
6076;3661
6077;3662
6078;3663
6079;3664
6080;3665
6081;3666
6082;3667
6085;3668
10223;3678
6105;3679
10225;3679
10226;3679
10227;3679
478;368
6106;3680
10164;3680
6094;3673
6095;3673
6096;3673
6098;3674
6099;3675
6100;3676
6101;3677
6104;3678
6112;3685
6116;3686
6117;3687
6118;3688
6119;3689
479;369
6122;3690
6123;3691
10165;3680
10166;3680
10167;3680
6107;3681
6108;3682
10287;3682
6109;3683
6111;3684
6134;3698
6136;3699
53;37
480;370
6137;3700
6139;3701
6141;3702
6144;3703
6124;3692
6126;3693
6127;3694
6129;3695
6130;3696
6131;3696
6132;3696
6133;3697
6153;3711
6154;3712
6155;3713
6157;3714
6159;3715
6160;3716
6162;3717
6164;3718
6145;3704
6146;3705
6147;3706
6148;3707
6150;3708
6151;3709
481;371
6152;3710
6177;3726
6178;3727
6179;3728
6180;3729
483;373
6181;3730
6182;3731
6184;3732
6165;3719
482;372
6166;3720
6167;3721
6168;3722
6170;3723
6171;3724
6172;3725
6193;3740
6194;3741
6195;3742
6196;3743
6197;3744
6198;3745
6199;3745
6200;3745
6185;3733
6186;3734
6187;3735
6188;3736
6189;3737
6190;3738
6192;3739
484;374
12483;3594
5968;3595
5969;3596
5970;3597
5971;3598
5972;3599
52;36
470;360
5960;3591
5961;3591
5962;3591
5964;3591
5965;3591
5963;3592
5966;3593
5967;3594
10616;3604
5979;3605
10154;3605
5980;3606
11618;3606
11619;3606
11620;3606
11621;3606
5973;3600
5974;3601
10489;3601
5975;3602
5976;3603
10626;3603
10627;3603
5977;3604
11546;3608
11547;3608
11548;3608
11549;3608
11550;3608
11551;3608
11552;3608
11553;3608
11622;3606
11623;3606
5981;3607
5982;3608
11542;3608
11543;3608
11544;3608
11545;3608
12522;3608
5985;3609
471;361
5987;3610
5988;3611
5992;3612
5994;3613
11070;3613
11554;3608
11555;3608
11556;3608
11557;3608
11558;3608
11559;3608
11560;3608
11561;3608
10820;3619
10821;3619
472;362
6003;3620
10994;3620
6004;3621
6005;3622
11069;3622
11071;3613
5995;3614
5996;3615
5997;3616
5998;3617
5999;3618
10676;3618
6002;3619
11321;3627
11322;3627
11323;3627
6012;3628
11349;3628
6013;3629
10438;3629
473;363
6006;3623
11496;3623
11497;3623
6008;3624
6009;3625
6010;3626
10422;3626
6011;3627
6021;3636
6022;3637
6023;3638
6032;3638
6024;3639
11319;3639
11320;3639
474;364
6014;3630
6016;3631
6017;3632
11068;3632
6018;3633
6019;3634
6020;3635
6028;3635
12323;3646
6040;3647
6042;3647
6045;3648
6050;3649
12275;3649
475;365
6052;3650
6025;3640
11114;3640
6030;3641
6033;3642
6036;3643
6037;3644
6038;3645
6039;3646
5837;3525
5838;3526
5839;3527
5840;3528
5844;3529
463;353
5847;3530
5848;3531
5822;3520
12181;3520
12182;3520
12183;3520
5824;3521
5825;3522
5834;3523
5835;3524
5858;3537
5859;3537
5860;3537
5861;3537
5862;3538
5863;3538
5864;3538
5865;3538
5849;3532
5850;3533
5851;3533
5852;3534
5853;3534
5855;3535
5856;3536
5857;3536
5873;3542
11035;3542
5874;3543
5877;3544
5878;3545
11350;3545
5879;3546
5880;3547
5866;3539
464;354
5867;3540
5868;3541
5869;3541
5870;3541
5871;3541
5872;3542
10506;3553
10507;3553
5889;3554
6000;3554
10696;3554
5891;3555
5892;3556
5893;3556
5882;3548
5883;3549
465;355
5884;3550
5885;3551
5886;3552
5888;3553
10505;3553
5903;3558
5907;3559
466;356
5908;3560
5910;3561
5911;3561
6029;3561
5913;3562
5894;3556
5895;3556
5896;3556
5897;3556
5898;3557
5899;3557
5901;3558
5902;3558
5922;3569
5923;3569
467;357
5924;3570
5928;3571
5929;3572
5930;3573
12336;3573
5914;3562
5915;3563
5916;3564
5918;3564
5917;3565
5919;3566
5920;3567
5921;3568
5936;3579
11076;3579
11077;3579
468;358
5487;358
5937;3580
11075;3580
5938;3581
5931;3574
10442;3574
5932;3575
5933;3576
5934;3577
10441;3577
5935;3578
11081;3578
5952;3587
5953;3588
11498;3588
11499;3588
12508;3588
5956;3589
469;359
5958;3590
5942;3582
5945;3583
5946;3583
5947;3584
5948;3584
5949;3585
5950;3585
5951;3586
5668;3447
5670;3448
10493;3448
10494;3448
10495;3448
10496;3448
10497;3448
5671;3449
5710;3442
5909;3442
5662;3443
5663;3444
11585;3444
11586;3444
5666;3445
5667;3446
5681;3457
5993;3457
11492;3457
5684;3458
5687;3459
454;346
5688;3460
5689;3461
453;345
5672;3450
5673;3451
5674;3452
5675;3453
5677;3454
5679;3455
5680;3456
5697;3466
12405;3466
5699;3467
5703;3468
5707;3469
10491;3469
10492;3469
12295;3469
5792;3461
5690;3462
5706;3462
5693;3463
10619;3463
10620;3463
5695;3464
5696;3465
5717;3475
10615;3475
5719;3476
5721;3477
10482;3477
5723;3478
5724;3479
457;348
455;347
456;347
3489;347
5709;3470
5711;3471
5712;3472
5713;3473
5714;3474
5735;3487
5739;3488
5740;3489
458;349
5741;3490
11507;3490
11508;3490
5742;3491
5725;3480
5728;3481
5730;3482
5731;3483
10452;3483
5732;3484
5733;3485
5734;3486
50;35
51;35
459;350
5767;3500
5769;3501
5775;3502
5876;3502
12281;3502
5743;3492
5744;3493
5748;3494
5749;3495
5750;3496
5752;3497
5753;3498
5761;3499
5789;3508
12297;3508
5790;3509
460;351
5797;3510
5800;3511
5808;3512
11583;3512
5776;3503
12267;3503
5780;3504
5782;3505
5784;3506
5787;3507
10501;3507
10502;3507
10544;3518
10545;3518
10546;3518
10547;3518
10548;3518
5821;3519
461;352
4895;352
11584;3512
5809;3513
5811;3514
5815;3515
5818;3516
5875;3516
5819;3517
5820;3518
5374;3356
5375;3356
5376;3357
5377;3358
5379;3359
440;336
5381;3360
6203;3360
5355;3349
439;335
5357;3350
5360;3351
5361;3352
5363;3353
5364;3354
5373;3355
5406;3368
5407;3369
5408;3369
441;337
3724;337
5412;3370
5415;3371
5417;3372
5385;3361
5389;3362
5390;3363
5394;3364
5395;3364
5397;3365
5400;3366
5401;3367
5434;3380
5437;3381
5438;3382
5445;3383
5447;3384
5449;3385
5451;3386
5456;3387
5420;3373
5423;3374
5424;3375
5425;3376
5426;3377
5429;3378
5433;3379
442;338
5478;3395
5483;3396
5484;3397
5485;3398
5497;3399
49;34
444;340
445;340
5459;3388
5462;3389
443;339
5470;3390
5471;3391
5472;3392
5474;3393
5477;3394
5518;3408
5519;3409
446;341
5524;3410
5525;3411
5528;3412
5540;3412
5542;3412
5500;3400
5502;3401
5504;3402
5506;3403
5509;3404
5510;3405
5512;3406
5515;3407
5591;3419
447;342
448;342
5592;3420
5595;3421
5599;3422
5609;3423
12809;3423
5558;3412
5532;3413
5545;3414
5547;3415
5555;3415
5550;3416
5564;3417
5587;3418
449;343
5621;3430
10553;3430
10554;3430
5623;3431
5624;3432
5625;3433
5626;3434
12810;3423
12811;3423
5611;3424
5612;3425
5613;3426
5615;3427
5618;3428
5620;3429
450;344
451;344
452;344
5645;3440
5650;3441
10449;3441
10450;3441
5658;3442
5627;3435
5629;3436
5634;3437
6048;3437
5637;3438
11157;3438
11158;3438
5641;3439
5137;3255
5138;3256
5139;3257
5141;3258
5142;3259
430;326
5143;3260
5144;3261
5123;3249
6206;3249
429;325
5125;3250
5126;3251
5127;3252
5129;3253
5130;3254
431;327
5162;3270
5163;3271
5164;3272
5167;3273
5169;3274
5170;3275
5172;3276
5147;3262
5150;3263
5153;3264
5154;3265
5155;3266
5156;3267
5160;3268
5161;3269
5191;3284
5192;3285
5193;3286
5202;3287
5203;3288
5204;3289
433;329
5208;3290
5176;3277
5179;3278
5182;3279
432;328
5185;3280
5188;3281
5189;3282
5190;3283
5220;3293
5225;3294
5226;3294
5227;3295
5229;3296
5230;3297
5231;3298
5233;3299
5209;3290
5213;3291
5280;3291
5282;3291
5215;3292
5216;3292
5218;3293
5219;3293
5251;3305
5255;3306
5256;3307
5260;3308
5261;3309
435;331
5263;3310
5264;3311
47;33
48;33
434;330
5235;3300
5236;3301
5239;3302
5246;3303
5248;3304
5277;3319
436;332
5279;3320
5283;3321
5284;3322
5285;3323
5286;3323
5287;3324
5265;3311
5267;3312
5268;3313
5269;3314
5272;3315
5273;3316
5274;3317
5275;3318
5299;3330
5305;3331
5306;3332
5307;3332
5308;3333
5311;3334
5314;3335
5322;3336
5288;3324
5290;3325
5293;3326
5294;3326
5296;3327
5297;3328
5298;3329
437;333
5337;3342
5340;3343
5343;3344
5348;3345
5350;3346
5352;3347
5353;3348
5354;3349
5323;3337
5326;3338
5327;3339
438;334
3691;334
5329;3340
5330;3341
5336;3342
4886;3156
4890;3157
4902;3158
4904;3159
418;316
4906;3160
4911;3161
4912;3162
417;315
4877;3150
4878;3150
4879;3151
4881;3152
4882;3153
4884;3154
4885;3155
420;317
4926;3170
4927;3171
4929;3172
4930;3173
4931;3174
4932;3175
4938;3176
4913;3163
4914;3163
4915;3164
4916;3165
4918;3166
4919;3167
4920;3168
4922;3169
4959;3184
4960;3184
4961;3185
4962;3186
4966;3187
4967;3188
4968;3189
422;319
4940;3177
4941;3178
4949;3179
421;318
4950;3180
4951;3181
4952;3182
4955;3183
4984;3196
4985;3197
4988;3198
4991;3199
4992;3199
46;32
423;320
4994;3200
4969;3190
4970;3191
4972;3192
4974;3193
4976;3194
4981;3195
4982;3195
4983;3196
5019;3207
5023;3208
5024;3209
424;321
5025;3210
5026;3211
5027;3211
5028;3212
4996;3201
4997;3201
5002;3202
5003;3202
5004;3203
5009;3204
5015;3205
5018;3206
5044;3220
5045;3220
5047;3221
5049;3222
5055;3223
5060;3224
5061;3225
5064;3226
5029;3213
5030;3214
5031;3215
5034;3216
5039;3217
5042;3218
5043;3219
425;322
5077;3233
5079;3234
5082;3235
5084;3236
5085;3237
5087;3238
5088;3239
5089;3239
5065;3227
5067;3228
5068;3229
426;323
427;323
5069;3230
5073;3231
5074;3232
5099;3242
5100;3243
5104;3244
5105;3244
5109;3245
5117;3246
5120;3247
5122;3248
428;324
5091;3240
5093;3240
6115;3240
5095;3241
5096;3242
5097;3242
5098;3242
4687;3061
4689;3062
4690;3063
4691;3064
4692;3065
4693;3066
4695;3067
4696;3068
4677;3055
4678;3056
4679;3057
4680;3057
4681;3058
4683;3059
402;306
4685;3060
4715;3075
4716;3076
4717;3077
4718;3078
4719;3078
4720;3079
4721;3079
404;308
4700;3069
403;307
4702;3070
4704;3071
4705;3072
4712;3073
4713;3073
4714;3074
4731;3085
4733;3086
4734;3086
4735;3087
4738;3088
4739;3088
4740;3088
4741;3089
4722;3080
4723;3080
4724;3081
4725;3082
4726;3083
4727;3083
4728;3083
4730;3084
4748;3093
4753;3094
4757;3095
4759;3096
4765;3097
4766;3097
4767;3098
4769;3099
405;309
406;309
413;309
4742;3090
4743;3090
4744;3090
4746;3091
4747;3092
4781;3106
4782;3106
4784;3107
4786;3108
4787;3108
4789;3109
409;311
410;311
45;31
408;310
4770;3100
4772;3101
4777;3102
4778;3103
4779;3104
4780;3105
4803;3115
4804;3116
4805;3117
4806;3118
4807;3119
414;312
4810;3120
4811;3121
411;311
412;311
4790;3110
4792;3111
4793;3112
4798;3113
4799;3113
4802;3114
4833;3129
4834;3129
415;313
4835;3130
4838;3131
4840;3132
4843;3133
4844;3134
4813;3122
4820;3123
4821;3123
4822;3124
4824;3125
4829;3126
4830;3127
4832;3128
4864;3142
4866;3143
4867;3144
4870;3145
4871;3146
4872;3147
4874;3148
4875;3149
4851;3135
4854;3136
4859;3137
4860;3138
4861;3139
416;314
4862;3140
4863;3141
4488;2968
4489;2969
391;297
4491;2970
4494;2971
4495;2972
4497;2973
4498;2974
4470;2963
4471;2964
4474;2965
4476;2966
4479;2966
4483;2967
4484;2967
4485;2967
4523;2982
4526;2983
4529;2984
4530;2984
4531;2985
4533;2986
4534;2987
4535;2988
4500;2975
4501;2976
4504;2977
4505;2978
4507;2979
393;298
4512;2980
4513;2981
4545;2994
4546;2995
4547;2996
4548;2997
4549;2998
4553;2999
4;3
5;3
4536;2988
4537;2989
394;299
4539;2990
4540;2991
4541;2992
4542;2993
4543;2993
4562;3003
4563;3003
4564;3004
4566;3005
4568;3006
4571;3007
4572;3008
4573;3008
6;3
44;30
395;300
4557;3000
4558;3000
4559;3001
4560;3002
4561;3003
4582;3013
4590;3014
4591;3015
4592;3016
4593;3017
4596;3018
4597;3019
4601;3019
4574;3009
4575;3009
396;301
397;301
4577;3010
4578;3011
4579;3011
4581;3012
4612;3026
4613;3026
4615;3027
4616;3028
4617;3029
399;303
4619;3030
4620;3031
5912;3019
398;302
4599;3020
4604;3021
4607;3022
4609;3023
4610;3024
4611;3025
4632;3038
4633;3038
4634;3038
4635;3039
400;304
4638;3040
4639;3041
4640;3042
4622;3032
4623;3033
4624;3033
6069;3033
4625;3034
4627;3035
4630;3036
4631;3037
401;305
4668;3050
4669;3051
4671;3052
4672;3053
4673;3053
4674;3053
4676;3054
4641;3043
4650;3044
4651;3044
4655;3045
4656;3046
4660;3047
4663;3048
4667;3049
4257;2872
4263;2873
4266;2874
4268;2875
4272;2876
4275;2877
4276;2878
4278;2879
4248;2867
4249;2868
4250;2868
4251;2868
4252;2869
376;287
4253;2870
4254;2871
4297;2887
4298;2888
4299;2889
378;289
379;289
380;289
381;289
4300;2890
377;288
4280;2880
4281;2881
4283;2882
4286;2883
4290;2884
4291;2885
4294;2886
4316;2899
42;29
43;29
382;290
4318;2900
4319;2901
4321;2902
4325;2903
4303;2891
4304;2892
4308;2893
4309;2894
4310;2895
4311;2896
4312;2897
4313;2898
4337;2909
383;291
384;291
4338;2910
4341;2911
4342;2912
4343;2912
4344;2913
4326;2903
4327;2904
4328;2905
4329;2906
4330;2907
4331;2907
4335;2908
4336;2908
385;292
4357;2920
4362;2921
4363;2921
4364;2921
4366;2922
4373;2922
4368;2923
4346;2914
4347;2914
4348;2915
4351;2916
4352;2916
4353;2917
4354;2918
4355;2919
4391;2931
4392;2932
4397;2933
4398;2934
6220;2934
4399;2935
4400;2936
4401;2937
4371;2924
4377;2925
4379;2926
4380;2927
4381;2928
4384;2929
387;293
4387;2930
4419;2943
4420;2944
4425;2945
4427;2946
4428;2947
4429;2948
4434;2949
389;295
4405;2938
4407;2939
4408;2939
388;294
4411;2940
4413;2941
4416;2942
4418;2943
4450;2957
4453;2958
4457;2959
390;296
4458;2960
4459;2960
4460;2961
4464;2962
4435;2950
4437;2951
4439;2952
4441;2953
4443;2954
4447;2955
4448;2956
4449;2956
4038;2779
365;278
4041;2780
4042;2781
4043;2781
4045;2782
4047;2783
4048;2783
4018;2772
4019;2773
4020;2774
4021;2775
4022;2775
4030;2776
4031;2777
4033;2778
4073;2790
4076;2791
4077;2791
4078;2791
4079;2791
4080;2792
4081;2792
4082;2793
4051;2784
4052;2784
4060;2785
4062;2786
4063;2787
4070;2788
4071;2789
366;279
4099;2800
4100;2800
4101;2801
4103;2802
4104;2803
4105;2804
4107;2805
4109;2806
4084;2794
4085;2795
4086;2796
4088;2797
4094;2798
4097;2799
41;28
367;280
4130;2814
4133;2815
4136;2815
4142;2816
4143;2817
4148;2818
4149;2819
370;282
4112;2807
4117;2808
4122;2809
369;281
4123;2810
4125;2811
4126;2812
4127;2813
4162;2826
4163;2826
4164;2827
4165;2827
4167;2828
4168;2829
372;283
4169;2830
371;282
4151;2820
4152;2821
4153;2822
4154;2823
4156;2824
4157;2825
4158;2825
4188;2837
4190;2838
4192;2839
4193;2839
4194;2839
373;284
4199;2840
4203;2841
4170;2831
4171;2832
4173;2833
4174;2834
4175;2835
4176;2835
4177;2835
4187;2836
4214;2848
4215;2849
374;285
4218;2850
4219;2851
4221;2852
4222;2853
4223;2854
4205;2842
4206;2843
4207;2844
4208;2845
4209;2845
4210;2845
4211;2846
4212;2847
4234;2861
4237;2862
4241;2863
4243;2864
4244;2864
4245;2865
4246;2865
4247;2866
4227;2855
4228;2856
4229;2857
4230;2858
4231;2858
4232;2859
375;286
4233;2860
351;269
3843;2690
3844;2691
3850;2692
3851;2693
3852;2694
3855;2695
3858;2696
3836;2684
3838;2685
3839;2686
3840;2687
5520;2687
3841;2688
3842;2689
5403;2689
354;270
3864;2700
3865;2701
3867;2702
3868;2702
3869;2702
3870;2703
3871;2704
5052;2696
3859;2697
3860;2698
3861;2699
5131;2699
40;27
67;27
353;270
3881;2709
355;271
3882;2710
10951;2710
3883;2711
5206;2711
3889;2712
3892;2713
3873;2705
3875;2706
3877;2707
3878;2707
3879;2707
5619;2707
10950;2707
3880;2708
3906;2718
3907;2719
356;272
357;272
358;272
359;272
3910;2720
3911;2721
3893;2714
3895;2715
3896;2716
3897;2716
3901;2717
3903;2718
3904;2718
3905;2718
3919;2728
3920;2729
360;273
3921;2730
3923;2731
3924;2732
3925;2733
3927;2734
3912;2722
3913;2723
3914;2724
3915;2724
5941;2724
3916;2725
3917;2726
3918;2727
3946;2740
3947;2741
3948;2741
3949;2742
3951;2743
3953;2744
3954;2745
3956;2746
3932;2735
3933;2736
3934;2737
3935;2737
3940;2738
3944;2739
361;274
3945;2740
3974;2753
3975;2753
3976;2753
3977;2754
3978;2755
3979;2756
3982;2757
3983;2758
3958;2747
3962;2748
3964;2749
3965;2749
362;275
3968;2750
3972;2751
3973;2752
4004;2766
4007;2767
4008;2767
4009;2768
4010;2769
364;277
4011;2770
4015;2771
3987;2759
363;276
3988;2760
3993;2761
3996;2762
3997;2763
4001;2764
4002;2765
3676;2585
3677;2586
3678;2587
3681;2588
3682;2589
339;259
3693;259
3683;2590
338;258
3669;2580
3670;2581
3671;2581
3672;2582
3673;2583
3675;2583
3674;2584
3699;2598
3700;2599
4469;2599
39;26
340;260
3701;2600
3702;2601
3704;2602
3684;2591
3685;2591
3686;2592
3689;2593
3690;2594
3692;2595
3697;2596
3698;2597
3713;2610
3714;2611
3716;2612
4698;2612
3717;2613
3718;2614
3719;2615
3722;2616
3705;2603
3706;2604
3707;2605
3708;2606
3710;2607
3711;2608
3712;2609
341;261
3735;2624
3736;2625
3738;2626
3740;2627
3743;2628
3744;2629
343;263
3687;263
3725;2617
3726;2618
3729;2619
342;262
3730;2620
3731;2621
3732;2622
3733;2623
3757;2636
3758;2637
3759;2638
3760;2639
344;264
3761;2640
3763;2641
3764;2641
3688;263
3746;2630
5495;2630
3747;2631
3750;2632
3751;2633
3752;2634
3753;2635
345;265
3779;2650
3780;2651
3782;2652
3783;2653
3787;2654
3788;2655
3791;2656
3767;2642
3768;2643
3769;2644
3773;2645
3774;2646
3775;2647
3777;2648
3778;2649
3804;2664
3805;2665
3806;2666
3807;2667
3808;2668
3810;2669
347;267
3811;2670
3792;2657
3795;2658
3796;2659
346;266
3797;2660
3799;2661
3800;2662
3801;2663
3826;2678
3827;2679
348;268
349;268
3830;2680
3831;2681
3832;2682
3833;2683
3812;2671
3813;2671
3814;2672
3817;2673
3819;2674
3821;2675
3823;2676
3825;2677
3515;2485
3518;2486
3520;2487
3525;2488
3526;2488
3527;2489
323;249
324;249
3509;2479
4605;2479
322;248
3510;2480
3511;2481
3512;2482
3513;2483
3514;2484
4131;2496
3543;2497
3544;2498
3547;2499
38;25
326;250
3549;2500
3550;2500
325;249
3528;2490
3533;2491
3534;2492
3535;2493
3537;2494
3539;2495
3542;2496
3563;2508
3564;2509
327;251
328;251
3565;2510
3567;2511
3568;2512
3569;2513
3551;2501
3553;2502
3555;2503
3556;2504
3558;2505
3560;2506
3561;2506
3562;2507
3576;2520
3577;2521
3578;2522
3579;2523
3581;2524
3582;2525
3583;2526
3584;2527
3570;2514
3571;2515
3572;2516
3573;2517
3574;2518
3575;2519
330;252
331;252
3593;2534
3594;2535
3595;2536
3596;2537
3598;2538
3599;2539
333;254
3601;2540
3585;2527
3587;2528
3588;2529
332;253
3589;2530
3590;2531
3591;2532
3592;2533
3615;2549
334;255
3617;2550
3619;2551
3620;2552
3621;2553
3622;2554
3623;2554
3605;2541
3606;2542
3608;2543
3609;2544
3610;2545
3611;2546
3612;2547
3613;2548
3633;2562
3635;2563
4773;2563
3637;2564
5503;2564
3640;2565
3641;2566
3642;2567
3624;2555
3625;2556
3626;2557
3628;2558
3629;2559
335;256
3631;2560
3632;2561
3657;2574
3662;2575
3663;2576
3664;2577
3665;2578
3666;2579
3667;2579
337;258
3643;2568
3648;2569
336;257
3985;257
3650;2570
3651;2571
3652;2572
3655;2573
3392;2400
3393;2401
3394;2402
3395;2403
3396;2403
3397;2403
3398;2404
3399;2404
3387;2399
3388;2399
3389;2399
3390;2399
3391;2399
37;24
312;240
313;240
5405;2409
314;241
3408;2410
3472;2410
3409;2411
3410;2411
3411;2411
3412;2412
3401;2405
3402;2405
3403;2406
3404;2407
3405;2407
3474;2407
3406;2408
3407;2409
3419;2418
3420;2419
5289;2419
315;242
3421;2420
3422;2420
3423;2421
3425;2422
3413;2413
3414;2414
3415;2415
3416;2416
3417;2416
3418;2417
3638;2417
5325;2417
3432;2425
3433;2426
5205;2426
3435;2427
5184;2427
3436;2428
3437;2429
316;243
5254;2422
3426;2423
3427;2423
3428;2423
5242;2423
3429;2424
3430;2424
3431;2424
3445;2436
3446;2437
3447;2438
3448;2439
317;244
3449;2440
3517;2440
3450;2441
3438;2430
3439;2431
3440;2432
6140;2432
3441;2433
3442;2433
3443;2434
3444;2435
3457;2447
3459;2448
3460;2448
3461;2448
3463;2449
318;245
3464;2450
3465;2450
3451;2442
3452;2443
5059;2443
3453;2444
3454;2445
3455;2446
3456;2446
5046;2446
3477;2458
3478;2459
319;246
3479;2460
3480;2461
3481;2462
3485;2463
3486;2464
4948;2450
3467;2451
3468;2452
3469;2453
3470;2454
3471;2455
3473;2456
3476;2457
3494;2471
3495;2472
3497;2473
3498;2474
3500;2475
3501;2476
3504;2477
3506;2478
3487;2465
3488;2466
3490;2467
3491;2468
3492;2469
320;247
321;247
3493;2470
3280;2330
3281;2331
5467;2331
3282;2332
3283;2332
3284;2333
3285;2333
3286;2334
3273;2324
3274;2325
3275;2326
3276;2327
3857;2327
3277;2328
3278;2329
302;233
303;234
304;234
305;234
306;234
3294;2340
3295;2341
3296;2342
3297;2343
3287;2335
3288;2336
3289;2336
3290;2337
3980;2337
3291;2338
3292;2338
3293;2339
3305;2347
3306;2348
3307;2349
3308;2349
307;235
3309;2350
3310;2351
3311;2352
3298;2343
3299;2343
3300;2343
3301;2343
3302;2344
3303;2345
3580;2345
3304;2346
308;236
3320;2360
3321;2360
3322;2361
3323;2361
3324;2362
3325;2363
3326;2364
3312;2353
3313;2354
3314;2355
3315;2356
3316;2357
3317;2358
3318;2359
3319;2359
3333;2367
3334;2367
3967;2367
3336;2368
3337;2369
309;237
3338;2370
3340;2371
3327;2364
3328;2364
3329;2365
3818;2365
3330;2366
3952;2366
3331;2367
3332;2367
3349;2375
3350;2376
3353;2377
3354;2378
3355;2379
310;238
3356;2380
3357;2380
3341;2371
3342;2372
3343;2373
3344;2374
3345;2374
3346;2374
3347;2374
3348;2374
3363;2386
3364;2386
3365;2387
3366;2388
3367;2389
311;239
3368;2390
3369;2390
3503;2380
3938;2380
3358;2381
3508;2381
3359;2382
3360;2383
3361;2384
3362;2385
3377;2396
3378;2396
3379;2397
3380;2397
3383;2398
3384;2398
3385;2398
3386;2398
3370;2391
5651;2391
3371;2392
3372;2393
3373;2394
3374;2395
3375;2396
3376;2396
3176;2259
4636;2259
294;226
3177;2260
3178;2260
3179;2261
3180;2261
3181;2262
3170;2257
3171;2257
3172;2257
3173;2257
3174;2258
3529;2258
3530;2258
3531;2258
3189;2266
3190;2267
3191;2268
3192;2269
3193;2269
4092;2269
4095;2269
295;227
3182;2263
3183;2263
3184;2263
3185;2264
3186;2264
3187;2264
5033;2264
3188;2265
3202;2276
3203;2277
3614;2277
3204;2278
3205;2278
3206;2278
3207;2279
3208;2279
3194;2270
3195;2270
3196;2271
3197;2272
3198;2273
4024;2273
3199;2274
3201;2275
3212;2282
3213;2282
6031;2282
3214;2283
3216;2284
3217;2285
3218;2285
3219;2286
3209;2279
3846;2279
296;228
297;228
3210;2280
3211;2281
4072;2281
11836;2281
3227;2294
3228;2295
3507;2295
4044;2295
3229;2296
3230;2297
3231;2297
3232;2297
3220;2287
3221;2288
3222;2289
298;229
3223;2290
3224;2291
3225;2292
3226;2293
3240;2299
4056;2299
35;23
36;23
299;230
3241;2300
3242;2301
3243;2302
3233;2297
3234;2297
3235;2297
3236;2297
3237;2297
3238;2298
3765;2298
3239;2299
3251;2308
3252;2309
3253;2309
3254;2309
300;231
3255;2310
3256;2311
3257;2312
3244;2302
3794;2302
3245;2303
3246;2304
3247;2305
3248;2306
3249;2307
3250;2307
3267;2318
3268;2319
301;232
3269;2320
3270;2321
3271;2322
3634;2322
3272;2323
3258;2312
3259;2313
3260;2314
3261;2315
3262;2316
3264;2317
3265;2317
3266;2318
3062;2203
3063;2204
3064;2205
3065;2205
3066;2205
3067;2205
3068;2205
3069;2206
34;22
287;220
3679;220
3058;2200
3059;2201
3060;2201
3061;2202
3781;2202
288;221
3076;2210
3077;2210
3078;2210
3079;2211
3546;2211
3080;2212
3081;2212
3070;2206
4217;2206
3071;2207
3072;2208
4128;2208
3073;2209
3074;2209
3075;2209
3089;2215
3090;2215
3091;2215
3092;2216
3093;2216
3094;2216
3095;2216
3096;2216
3082;2212
3083;2212
3084;2212
3086;2212
3085;2213
3087;2214
4124;2214
3088;2215
3104;2220
3105;2220
3106;2221
3107;2222
3108;2223
3109;2224
3110;2225
3111;2225
3097;2216
3098;2216
3099;2217
3100;2217
3554;2217
3102;2218
3103;2219
289;222
3120;2229
290;223
3121;2230
3122;2231
3123;2232
3124;2232
3125;2232
3126;2232
3112;2226
3113;2226
3114;2226
3115;2226
3116;2226
3117;2227
3118;2227
3119;2228
3137;2237
3135;2238
3139;2239
291;224
3141;2240
3142;2241
3143;2242
3144;2243
3127;2233
3128;2233
3129;2233
3131;2234
3132;2235
3133;2236
3134;2237
3136;2237
3151;2249
3152;2249
3153;2249
3154;2249
293;225
3155;2250
3532;2250
4111;2250
3145;2244
3146;2245
3147;2246
6143;2246
3148;2247
3149;2248
3150;2248
3902;2248
3163;2253
3164;2253
3165;2253
3166;2254
3167;2254
5521;2254
3168;2255
3169;2256
3156;2251
3157;2251
4110;2251
3158;2252
3159;2253
3160;2253
3161;2253
3162;2253
2947;2135
2948;2135
2949;2136
2950;2137
2951;2138
2952;2139
279;214
2953;2140
2939;2131
6158;2131
2940;2132
2941;2133
2942;2134
2943;2134
2944;2134
2946;2135
2962;2143
2963;2144
2964;2145
2965;2145
2966;2146
2967;2147
2968;2147
2969;2148
2954;2140
2955;2140
2956;2140
2957;2140
2958;2140
2959;2140
2960;2141
2961;2142
2977;2153
2978;2154
2979;2154
2980;2155
2981;2155
3548;2155
2982;2156
2983;2156
2970;2149
280;215
2971;2150
2972;2150
2973;2150
2974;2151
2975;2152
2976;2152
281;216
2990;2160
2991;2160
2992;2160
2993;2161
2994;2162
2995;2162
2996;2163
2984;2156
2985;2156
2986;2156
2987;2157
2988;2158
3552;2158
4320;2158
2989;2159
4289;2167
3007;2168
3008;2169
283;217
3009;2170
3010;2170
3011;2171
3012;2172
2997;2163
2998;2163
3000;2164
3002;2165
3003;2166
3004;2166
3005;2167
3006;2167
3019;2178
3020;2178
3022;2179
3023;2179
284;218
3024;2180
3025;2181
3026;2182
3013;2172
3014;2173
3798;2173
3015;2174
3016;2175
3017;2176
3018;2177
4284;2177
4058;2187
3036;2188
3038;2188
3037;2189
285;219
286;219
3039;2190
3040;2191
3027;2182
3028;2182
3627;2182
3030;2183
3031;2184
3032;2185
3033;2186
3035;2187
3049;2196
3050;2196
3051;2196
3052;2197
3054;2198
3055;2199
3056;2199
33;22
3041;2192
3042;2193
3043;2194
3044;2195
3045;2195
3046;2195
3047;2196
3048;2196
2835;2062
2836;2063
2837;2063
2838;2063
2839;2064
2840;2064
3536;2064
2841;2065
2828;2056
2829;2057
2830;2057
2831;2058
2832;2059
271;206
2833;2060
2834;2061
2848;2069
2849;2069
2850;2069
3541;2069
272;207
2851;2070
2852;2070
4118;2070
2842;2065
2843;2066
2844;2066
5991;2066
2845;2067
2846;2067
2847;2068
3540;2068
2861;2076
2862;2077
2863;2078
2864;2079
273;208
2865;2080
2866;2081
2867;2081
2853;2071
2854;2071
2855;2072
2856;2072
2857;2073
2859;2074
2860;2075
4185;2075
2875;2084
2876;2084
2877;2084
2878;2084
2880;2085
2881;2086
2882;2087
2883;2088
2868;2082
2869;2082
2870;2082
2871;2082
5258;2082
2872;2083
2873;2084
2874;2084
2892;2094
2893;2095
2894;2096
2895;2097
2897;2098
2898;2099
32;21
275;210
2884;2089
2885;2089
274;209
2886;2090
2887;2091
2888;2092
2889;2092
2891;2093
2906;2105
2907;2106
2908;2106
2910;2107
2911;2108
3824;2108
2913;2109
276;211
3772;210
2899;2100
2900;2100
2901;2101
2902;2102
2903;2103
2904;2104
2905;2104
2919;2113
2920;2114
2921;2115
2922;2116
2923;2117
2924;2118
2925;2119
277;212
2914;2110
4013;2110
2915;2111
2916;2111
3658;2111
3659;2111
2917;2112
2918;2113
2932;2126
2933;2126
2934;2127
2935;2128
6113;2128
2937;2129
278;213
2938;2130
2926;2120
2927;2121
3644;2121
2928;2122
2929;2123
2930;2124
2931;2125
4039;2125
2720;1982
2721;1982
2722;1983
2723;1984
2724;1985
2725;1986
2726;1987
2727;1987
2713;1976
2714;1977
2715;1978
2716;1979
260;198
261;198
2717;1980
2718;1981
2736;1994
2737;1994
5080;1994
2738;1995
2739;1995
2740;1995
2741;1995
2742;1995
2729;1988
3566;1988
2731;1989
262;199
2732;1990
2733;1991
2734;1992
2735;1993
2750;2000
2751;2000
2752;2001
2753;2002
2754;2002
2755;2003
2756;2004
2757;2005
2744;1996
2745;1997
2746;1998
2748;1999
3;2
31;20
4626;20
263;200
5372;2008
2765;2009
264;201
2766;2010
2767;2010
2769;2011
2770;2011
2771;2012
2758;2006
3475;2006
2759;2007
2760;2008
2761;2008
2762;2008
2763;2008
2764;2008
2780;2017
2781;2018
2782;2019
265;202
266;202
267;202
2783;2020
3848;2020
2772;2013
2773;2014
2774;2014
2775;2014
2776;2015
2777;2016
2778;2017
2779;2017
2793;2027
2794;2028
2795;2028
2796;2029
268;203
3770;203
2797;2030
2798;2031
4067;2020
2784;2021
2785;2022
2786;2022
2787;2023
2788;2024
2790;2025
2791;2026
2805;2038
2806;2039
2807;2039
269;204
2808;2040
2809;2041
2810;2042
2811;2043
2799;2032
2800;2033
2801;2034
2802;2035
4179;2035
2803;2036
2804;2037
4182;2037
2819;2050
2820;2051
2821;2052
2822;2052
2823;2052
2824;2053
2825;2054
2827;2055
2812;2044
2813;2044
2814;2045
2815;2046
2816;2047
2817;2048
2818;2049
270;205
2606;1903
2607;1903
2608;1904
2609;1905
2610;1906
5396;1906
2611;1907
2612;1908
30;19
250;190
2601;1900
3505;1900
2602;1901
2603;1902
2604;1903
2605;1903
2622;1914
4475;1914
4481;1914
2623;1915
2624;1916
2625;1917
2626;1918
2627;1918
2613;1909
251;191
252;191
2614;1910
2616;1911
2618;1912
2619;1913
2620;1913
2636;1924
2637;1925
2638;1926
2639;1926
2640;1926
2642;1927
2643;1927
2644;1928
4514;1918
2628;1919
2629;1919
253;192
2630;1920
2632;1921
2633;1922
2635;1923
2650;1932
3786;1932
2651;1933
2652;1934
2653;1935
2654;1935
2655;1935
2656;1936
2645;1928
4963;1928
2646;1929
254;193
255;193
2647;1930
2648;1931
2649;1932
256;194
2663;1940
2664;1941
2665;1942
2666;1943
2667;1944
2668;1945
2669;1945
2657;1936
4935;1936
4945;1936
2658;1937
2659;1938
4509;1938
2660;1939
2661;1939
2678;1950
3816;1950
2679;1951
2680;1951
4054;1951
2681;1952
2682;1953
2683;1954
2670;1946
2671;1946
2672;1947
2673;1948
2674;1948
2676;1949
257;195
2677;1950
2691;1960
2692;1961
2693;1962
2694;1963
2695;1963
2696;1964
2697;1965
2698;1966
2684;1954
2685;1955
2686;1956
2687;1956
2688;1957
2689;1958
2690;1959
258;196
2706;1971
4421;1971
2708;1972
2709;1973
2710;1973
6183;1973
2711;1974
2712;1975
2699;1966
2700;1967
2701;1967
2702;1968
2703;1968
2704;1969
259;197
2705;1970
2487;1821
2488;1821
2489;1822
2490;1823
2491;1824
2492;1825
2493;1826
2494;1827
2480;1817
2481;1817
2482;1818
2483;1818
2484;1819
241;182
2485;1820
3793;1820
2504;1833
2506;1834
2508;1835
2509;1836
2510;1837
6161;1837
2511;1838
2512;1839
2495;1828
2497;1829
2498;1829
242;183
2499;1830
2500;1831
2501;1832
2502;1832
2520;1846
2521;1847
2522;1848
2523;1849
2524;1849
2525;1849
244;185
2526;1850
243;184
2513;1840
2514;1841
2515;1842
2516;1843
2517;1844
2518;1845
2519;1846
2535;1855
2536;1856
2537;1857
5168;1857
2538;1858
2539;1858
2540;1859
245;186
2527;1851
2528;1852
2529;1852
2530;1852
2531;1853
2532;1853
2533;1853
2534;1854
2548;1861
2549;1861
2550;1862
2551;1863
2552;1864
2553;1865
2554;1865
2555;1866
2541;1860
2542;1860
2543;1860
2544;1860
2545;1860
2546;1860
2547;1860
4520;1860
2561;1870
2562;1871
2563;1872
2565;1873
2566;1874
2567;1874
2568;1875
2569;1875
2556;1867
2557;1867
2558;1867
4569;1867
2559;1868
2560;1869
3809;1869
246;187
2577;1882
2578;1882
2579;1883
2580;1884
2581;1885
2582;1885
2583;1886
2584;1887
2570;1876
2571;1877
2572;1878
2573;1879
247;188
2574;1880
2575;1880
2576;1881
2592;1893
2593;1894
2594;1895
2597;1896
2598;1897
2599;1898
3499;1898
2600;1899
3820;1887
2585;1888
2586;1889
2587;1889
249;189
2589;1890
2590;1891
2591;1892
2366;1741
2367;1742
4145;1742
2368;1743
2369;1744
2370;1745
2371;1746
2372;1747
2358;1735
2359;1736
2360;1737
4138;1737
2363;1738
2364;1739
226;174
2365;1740
2381;1753
2382;1754
2383;1755
2384;1756
2385;1757
2386;1757
3756;1757
2387;1758
2373;1748
2374;1749
227;175
2375;1750
2377;1751
2378;1751
2379;1751
2380;1752
2390;1761
2391;1762
3754;1762
2392;1763
2393;1764
2395;1765
2396;1765
3755;1765
2388;1759
228;176
229;176
230;176
231;176
232;176
233;176
2389;1760
236;177
2404;1770
2405;1770
2406;1770
2407;1771
2408;1772
2409;1772
2410;1772
2397;1766
2398;1767
2400;1768
2401;1768
2402;1768
2403;1769
234;177
235;177
237;178
3600;178
2420;1780
2421;1781
2422;1782
2423;1783
2424;1783
2425;1784
2411;1773
2413;1774
2414;1774
2415;1775
2416;1776
2417;1777
2418;1778
2419;1779
2431;1790
2433;1791
2435;1792
2437;1793
2439;1794
2440;1795
2443;1796
2444;1797
2426;1785
2427;1786
2428;1787
3891;1787
2429;1788
3849;1788
2430;1789
238;179
2453;1801
2454;1802
2455;1803
2456;1804
2457;1804
2460;1805
2461;1806
3908;1806
2445;1797
2447;1798
2448;1799
29;18
239;180
2450;1800
2451;1801
2452;1801
2470;1813
2471;1814
2473;1815
2475;1816
2476;1816
2477;1816
2478;1816
2479;1816
2462;1807
2463;1808
2464;1808
2466;1809
240;181
2467;1810
2468;1811
2469;1812
2252;1664
4134;1664
2253;1665
2256;1665
2254;1666
2255;1667
2257;1668
3618;1668
2245;1661
3545;1661
2246;1662
2247;1662
2248;1663
2249;1664
2250;1664
2251;1664
4653;1674
4654;1674
2266;1675
2267;1676
2268;1676
2269;1677
2270;1678
2271;1679
2259;1669
219;167
2260;1670
2261;1671
2262;1672
2263;1673
2264;1674
2265;1674
2278;1684
4649;1684
2279;1685
2280;1686
2281;1687
2282;1688
2283;1689
2284;1689
220;168
2272;1680
2273;1681
2274;1681
2275;1682
2276;1683
4647;1683
2277;1684
2291;1694
2293;1695
2294;1696
2295;1696
4003;1696
2296;1697
2297;1698
2299;1699
4646;1689
221;169
2285;1690
2286;1691
2287;1692
2288;1692
2289;1692
2290;1693
2306;1702
2307;1702
2308;1703
2309;1703
2310;1704
4196;1704
2311;1705
2312;1706
2300;1699
2301;1699
28;17
222;170
2302;1700
2303;1700
5496;1700
2304;1701
2321;1713
2322;1714
2323;1714
2324;1714
2325;1714
2326;1715
2327;1715
2328;1716
2313;1707
2314;1708
2315;1709
223;171
2316;1710
2317;1710
2318;1711
2320;1712
2336;1721
2337;1722
2338;1723
2339;1723
2340;1723
2341;1723
2342;1724
2343;1724
2329;1717
2330;1717
2331;1717
3728;1717
2332;1718
2333;1719
224;172
2335;1720
2350;1730
2351;1730
2352;1731
2353;1732
2354;1733
2355;1734
2356;1734
2357;1734
2344;1725
2345;1726
2346;1726
2347;1727
2348;1728
4614;1728
2349;1729
225;173
3828;1585
2132;1586
2133;1587
2134;1588
2135;1588
2136;1589
2137;1589
210;159
4942;1582
2125;1583
2126;1584
2127;1584
2128;1584
2129;1584
2130;1584
2131;1585
2145;1595
2146;1596
2147;1597
2148;1598
2149;1599
27;16
212;160
2150;1600
211;159
2138;1590
2139;1591
2140;1592
2141;1593
2142;1593
2143;1594
2144;1595
2162;1607
2163;1607
2164;1608
2165;1608
2166;1609
213;161
2167;1610
2169;1611
2151;1601
2155;1602
2156;1603
2157;1604
2158;1604
6191;1604
2160;1605
2161;1606
2178;1617
2179;1618
2180;1619
214;162
2181;1620
2182;1621
2183;1621
2184;1621
2170;1612
2171;1613
2172;1613
2173;1614
2174;1615
2175;1615
2176;1615
2177;1616
2193;1627
2194;1628
2195;1628
2196;1628
2197;1628
2198;1628
2199;1629
215;163
2185;1622
2187;1623
2188;1624
3660;1624
2189;1625
2190;1626
2191;1626
2192;1627
2206;1633
2207;1633
2208;1634
2209;1635
2210;1636
2212;1637
2213;1638
2214;1639
3703;163
2200;1630
2201;1630
2202;1630
2203;1631
3766;1631
2204;1632
2205;1632
2223;1647
2224;1648
2225;1649
217;165
2226;1650
2228;1651
2229;1651
5224;1651
216;164
2215;1640
2216;1641
2218;1642
2219;1643
2220;1644
2221;1645
2222;1646
2238;1658
2239;1659
218;166
2240;1660
2241;1660
2242;1660
2243;1661
2244;1661
2230;1652
2231;1653
2232;1654
2233;1655
2234;1656
2235;1657
2236;1658
2237;1658
2009;1502
2010;1503
2011;1503
2012;1504
2013;1505
2014;1506
2016;1507
2018;1508
2003;1499
26;15
201;150
2004;1500
2005;1501
2006;1502
2007;1502
2008;1502
2025;1514
2026;1515
2027;1516
2028;1517
2029;1518
2030;1519
203;152
2031;1520
5842;1508
2019;1509
202;151
2020;1510
2021;1510
2022;1511
2023;1512
2024;1513
2041;1528
2042;1529
204;153
2043;1530
2044;1531
2045;1532
2046;1533
2047;1533
2032;1521
2034;1522
3482;1522
2035;1523
2036;1524
2037;1525
2039;1526
2040;1527
2056;1537
2057;1537
2058;1538
2059;1539
205;154
2060;1540
2061;1540
2062;1541
2048;1534
2049;1534
2050;1534
2051;1535
2052;1535
2053;1535
2054;1535
2055;1536
2071;1549
206;155
2072;1550
2073;1551
2074;1552
2075;1552
2076;1553
2077;1554
2063;1541
2064;1542
2065;1543
2066;1544
2067;1545
2068;1546
2069;1547
2070;1548
207;156
2085;1560
2298;1560
2088;1561
2089;1562
2090;1563
2091;1563
2092;1564
4947;1554
6103;1554
2078;1555
2079;1556
2081;1557
2082;1558
3762;1558
2083;1559
2101;1570
2103;1571
2104;1571
2105;1571
2106;1572
2107;1573
4589;1573
2109;1574
2094;1565
2095;1566
2096;1566
2097;1567
2099;1568
2100;1569
208;157
3715;157
2117;1580
2118;1581
2119;1581
2120;1581
2121;1581
2122;1582
2123;1582
4936;1582
2110;1575
2111;1575
2112;1576
2113;1577
2114;1578
2115;1578
2116;1579
209;158
1887;1423
1888;1424
1889;1425
1890;1426
1891;1427
1893;1428
1894;1428
1895;1428
1880;1417
1881;1418
4707;1418
1883;1419
190;142
1884;1420
1885;1421
1886;1422
1903;1434
1904;1435
6071;1435
1905;1436
1908;1437
1909;1438
1911;1439
1912;1439
1896;1429
191;143
1897;1430
1898;1431
5118;1431
1899;1432
1900;1432
1902;1433
1918;1445
1919;1445
1920;1445
1921;1445
1922;1446
1923;1447
1924;1447
1925;1447
5716;1439
194;144
1913;1440
1914;1441
1915;1442
1916;1443
1917;1444
4242;1444
1933;1452
1934;1453
1935;1454
1936;1455
1937;1455
1938;1456
1939;1457
1940;1458
1926;1447
5414;1447
1927;1448
1928;1449
195;145
1930;1450
1931;1451
1932;1451
1948;1463
1949;1464
1950;1465
1951;1465
1954;1466
1955;1467
1956;1468
1957;1469
1941;1458
1942;1459
1943;1459
197;146
5351;146
1944;1460
1945;1461
1946;1462
1965;1475
1966;1475
1967;1475
1968;1475
1969;1476
1970;1476
1971;1476
1972;1476
198;147
1958;1470
1959;1471
1960;1472
1961;1472
1962;1473
1963;1473
1964;1474
1980;1480
1981;1480
1982;1481
1983;1482
1984;1483
1985;1484
1986;1485
1987;1486
1973;1476
1974;1476
1975;1477
1976;1477
1977;1478
4688;1478
1978;1479
199;148
1994;1493
1995;1494
1996;1495
1997;1495
1998;1495
1999;1496
2001;1497
2002;1498
1988;1487
1989;1488
1990;1489
200;149
5517;149
1991;1490
1992;1491
1993;1492
1769;1339
1770;1339
1771;1339
180;134
1772;1340
1773;1340
1774;1341
1775;1342
1761;1334
1762;1334
1763;1335
1764;1336
1765;1336
1766;1337
1767;1337
1768;1338
1786;1349
181;135
1787;1350
1788;1351
1789;1351
1790;1351
1791;1352
1792;1353
1776;1343
1777;1344
1778;1345
1779;1346
1781;1347
1782;1347
1783;1347
1784;1348
1800;1359
182;136
1802;1360
1803;1361
1804;1362
1805;1362
5200;1362
5201;1362
1793;1354
1794;1354
1795;1355
1796;1355
1797;1356
1798;1357
3607;1357
1799;1358
1813;1370
4606;1370
1814;1371
1815;1372
1816;1373
1818;1374
1819;1375
3856;1375
1806;1363
1807;1364
1808;1365
1809;1366
1810;1367
1811;1368
1812;1369
183;137
1828;1381
1829;1382
1830;1383
1831;1384
1832;1384
1833;1385
1834;1386
1835;1387
1820;1376
5441;1376
5442;1376
1822;1377
1823;1378
1826;1379
184;138
1827;1380
1842;1394
1843;1395
1844;1395
1845;1396
1846;1397
1847;1398
1848;1398
1849;1398
1836;1388
1837;1389
185;139
1838;1390
1839;1391
4980;1391
1840;1392
1841;1393
1856;1402
1857;1402
1858;1402
1859;1402
5278;1402
1860;1403
1861;1404
1862;1405
1850;1398
1851;1398
1852;1398
1853;1399
25;14
186;140
1854;1400
1855;1401
1870;1410
1871;1411
1872;1412
1873;1413
1874;1414
1875;1415
1878;1416
1879;1417
1863;1405
1865;1406
1866;1407
1867;1408
1868;1409
187;141
188;141
1869;1410
1660;1256
1661;1257
5906;1257
1662;1258
1663;1259
1664;1259
171;126
1665;1260
1653;1251
1654;1252
4277;1252
1656;1253
4340;1253
1657;1254
1658;1254
1659;1255
1672;1265
1673;1266
1674;1267
1675;1268
1676;1269
172;127
1677;1270
3586;1270
1666;1260
1667;1261
1668;1262
4762;1262
1669;1263
1670;1263
5315;1263
1671;1264
1685;1277
1686;1278
1687;1279
173;128
1688;1280
3602;1280
1689;1281
3604;1281
1678;1271
1679;1272
1680;1273
1681;1274
3603;1274
1682;1275
1683;1276
1684;1276
1697;1287
1698;1288
1699;1289
174;129
1700;1290
1701;1291
1702;1292
3737;1292
1690;1282
1691;1283
3900;1283
1692;1284
1693;1285
1694;1286
1695;1287
1696;1287
1711;1299
22;13
23;13
24;13
175;130
1712;1300
1713;1301
1714;1302
1703;1293
1704;1294
1705;1295
1706;1295
1707;1296
1708;1297
1709;1298
1710;1299
1723;1308
1724;1309
176;131
177;131
1725;1310
1726;1311
1727;1311
4737;1311
1715;1303
3721;1303
1716;1304
1717;1305
1719;1306
1720;1307
1721;1308
1722;1308
178;132
1737;1320
3656;1320
1738;1321
1739;1322
1740;1323
1741;1323
1742;1323
1728;1312
1729;1313
1730;1314
1731;1315
1732;1316
1734;1317
1735;1318
1736;1319
179;133
1753;1330
1754;1331
1755;1332
1756;1332
1757;1332
1758;1332
1759;1333
1745;1324
1746;1325
4017;1325
1747;1326
1748;1327
1750;1328
1751;1329
1752;1329
1541;1169
161;117
1542;1170
1543;1171
1544;1172
1545;1172
1546;1173
1548;1174
1533;1164
1534;1165
1535;1166
1536;1167
1538;1168
3802;1168
1539;1169
1540;1169
1557;1180
1558;1181
1559;1182
1560;1183
1561;1184
1562;1185
1563;1185
1565;1186
1549;1175
1550;1176
1551;1177
1552;1178
1553;1179
1554;1179
1555;1179
162;118
1573;1190
1575;1191
1576;1192
1577;1193
1578;1194
1579;1195
1580;1196
1581;1197
1566;1186
1567;1186
1568;1187
1569;1187
1570;1188
1571;1188
1572;1189
164;119
1588;1203
1589;1204
1590;1205
1591;1206
1592;1207
1593;1208
1594;1208
1595;1208
1582;1198
1583;1199
21;12
165;120
1584;1200
1585;1200
1586;1201
1587;1202
1603;1214
1604;1214
3559;1214
1606;1215
1607;1216
1608;1216
1610;1217
1611;1218
1596;1208
1597;1209
166;121
1598;1210
1599;1211
1600;1212
1601;1213
1602;1214
1618;1224
1620;1224
1619;1225
1621;1226
1622;1227
5103;1227
1623;1228
1624;1229
1612;1218
1613;1219
167;122
1614;1220
1615;1221
1616;1222
1617;1223
5249;1223
6202;1233
1634;1234
1635;1234
1636;1235
1637;1236
1638;1237
1639;1238
1640;1239
168;123
1625;1230
1626;1230
1627;1231
1628;1232
1629;1233
1630;1233
1631;1233
3785;1245
1648;1246
1649;1247
1650;1248
5318;1248
1651;1249
170;125
1652;1250
169;124
1641;1240
1643;1241
1644;1242
1645;1243
1646;1244
1647;1245
3784;1245
1423;1092
1424;1092
1425;1092
1426;1092
1427;1093
1428;1093
1429;1093
1430;1094
1414;1085
1415;1086
1417;1087
1419;1088
1420;1089
151;109
1421;1090
1422;1091
1438;1100
3597;1100
1439;1101
1440;1102
1441;1103
1442;1104
1443;1105
1444;1106
1431;1095
1432;1096
1433;1097
1434;1098
1436;1099
20;11
152;110
1437;1100
1454;1109
1455;1109
1456;1109
1457;1109
3990;1109
153;111
154;111
155;111
1445;1106
1446;1106
1447;1107
1448;1107
1449;1107
3645;1107
1450;1108
1453;1109
1466;1114
1467;1115
1468;1115
1469;1116
1470;1117
1471;1117
1472;1118
3647;1118
1458;1110
1459;1110
1460;1111
1461;1111
1462;1111
1463;1112
1464;1112
1465;1113
1479;1124
1480;1125
1481;1125
1482;1126
1483;1127
1484;1127
1485;1127
1486;1127
1473;1119
156;112
1474;1120
1475;1120
3646;1120
1476;1121
1477;1122
1478;1123
1493;1133
1494;1134
1495;1134
1498;1135
1499;1136
1500;1137
1501;1138
1502;1139
1487;1127
3742;1127
1488;1128
1489;1129
157;113
1490;1130
1491;1131
1492;1132
4065;1146
1511;1147
1512;1147
1513;1147
1514;1148
1515;1149
159;115
1516;1150
158;114
1503;1140
1504;1141
1505;1142
1506;1143
1508;1144
1509;1145
1510;1146
1525;1157
1526;1158
1527;1159
160;116
1528;1160
1529;1161
1531;1162
1532;1163
1517;1151
1518;1151
1519;1152
1520;1153
1521;1154
1522;1155
1523;1155
1524;1156
1297;1002
1298;1003
1299;1004
1300;1005
1301;1006
1302;1007
3521;1007
1303;1008
1;1
2;1
19;10
139;100
140;100
141;100
1295;1000
1296;1001
1311;1014
1312;1014
1313;1015
1314;1016
1315;1017
1316;1017
1317;1018
1318;1019
1304;1009
142;101
1305;1010
1306;1011
1307;1012
1308;1012
1309;1012
1310;1013
1326;1025
1327;1026
3630;1026
1329;1027
1330;1028
1331;1029
144;103
1332;1030
143;102
1319;1020
1320;1020
1321;1021
1322;1022
1323;1023
1324;1024
1325;1025
1343;1038
1344;1039
4776;1039
145;104
1345;1040
1346;1041
1347;1042
1348;1042
1333;1031
1336;1032
1337;1033
1338;1034
1339;1034
1340;1035
1341;1036
1342;1037
1357;1048
1358;1049
146;105
1359;1050
1361;1051
1362;1051
1364;1052
1365;1053
1349;1042
1350;1043
1351;1043
1352;1044
1353;1045
1354;1046
1355;1047
1356;1047
1374;1058
1375;1059
148;106
1377;1060
1378;1060
1379;1061
1380;1062
1381;1062
3654;1053
1367;1054
1368;1055
1369;1055
1370;1056
1371;1056
1372;1056
1373;1057
1390;1069
1391;1069
149;107
1392;1070
1393;1071
1395;1072
1396;1073
1397;1073
1382;1063
1383;1063
1384;1064
1385;1065
1386;1066
1387;1067
1388;1068
1389;1069
150;108
1407;1080
1408;1080
1409;1081
1411;1082
1412;1083
3829;1083
1413;1084
1398;1074
1399;1075
1400;1075
1401;1076
1402;1076
1403;1077
1405;1078
1406;1079
1246;964
1247;964
1248;964
1249;964
1250;964
1251;964
1252;965
1254;966
1239;959
134;96
1240;960
1241;961
1242;961
1243;962
1244;963
1245;964
1260;972
1261;973
1262;974
1263;975
1265;976
1266;976
1267;977
1268;978
4954;966
1255;967
1256;968
1257;969
135;97
136;97
1258;970
1259;971
1278;986
1279;987
1280;988
1281;989
1282;989
138;99
1283;990
1284;991
1270;979
137;98
1271;980
1272;981
1273;982
1274;983
1276;984
1277;985
1293;998
1294;999
1285;992
1286;992
1287;992
1288;993
1289;994
1290;995
1291;996
1292;997
1124;869
125;87
1125;870
1126;871
1128;872
1129;873
1130;874
1131;875
1115;862
1116;863
1117;864
1118;865
1119;866
1120;866
1122;867
1123;868
1139;880
1140;880
1141;881
1142;882
1143;883
1144;884
1145;885
1146;885
1132;875
1134;876
1135;877
1136;878
1137;878
1138;879
3668;879
126;88
1154;890
1156;891
1157;892
1158;893
1159;894
1160;895
1161;896
1162;897
1147;885
1148;885
1149;886
1151;887
6043;887
1152;888
